player_id,full_name,position,birth_date,team_name,minutes_played,goals_per90,assists_per90,xg_per90,xa_per90,npxg_per90,market_value_eur,match_confidence,age,position_group,goals_per90_pctl,assists_per90_pctl,xg_per90_pctl,xa_per90_pctl,npxg_per90_pctl,composite_output_pctl,value_efficiency
3,Arnaud Kalimuendo Muinga,F M S,2002-01-20,Rennes,2630,0.582,0.103,0.615,0.099,0.407,22000000.0,0.95,24.5,Forward,93.81443298969072,41.23711340206185,84.5360824742268,22.68041237113402,68.04123711340206,62.06185567010309,2.8209934395501404
4,Jonathan Christian David,F S,2003-04-30,Lille,2535,0.568,0.178,0.691,0.167,0.502,12000000.0,0.855,23.2,Forward,91.75257731958763,63.91752577319587,90.72164948453609,50.51546391752577,83.50515463917526,76.08247422680412,6.34020618556701
5,Alexandre Lacazette,F S,1991-05-28,Lyon,2092,0.645,0.086,0.775,0.163,0.578,6000000.0,1.0,35.1,Forward,94.84536082474226,32.98969072164948,94.84536082474226,47.42268041237113,86.5979381443299,71.34020618556701,11.890034364261169
6,Bradley Barcola,F M S,2002-09-02,Paris Saint Germain,2223,0.567,0.405,0.621,0.402,0.621,70000000.0,1.0,23.9,Forward,90.72164948453609,97.9381443298969,85.56701030927834,93.81443298969072,89.69072164948454,91.5463917525773,1.30780559646539
7,Emanuel Emegha,F M,2003-02-03,Strasbourg,2331,0.541,0.116,0.68,0.077,0.68,25000000.0,0.966,23.4,Forward,86.5979381443299,46.391752577319586,89.69072164948454,13.402061855670103,92.78350515463917,65.77319587628867,2.630927835051547
8,Amine Gouiri,F M S,2000-02-16,"Marseille,Rennes",2122,0.551,0.212,0.453,0.193,0.453,30000000.0,1.0,26.4,Forward,88.65979381443299,72.16494845360825,71.1340206185567,62.88659793814433,76.28865979381443,74.22680412371133,2.474226804123711
9,Ludovic Ajorque,F S,1994-02-25,Brest,2533,0.462,0.071,0.447,0.109,0.42,4000000.0,1.0,32.4,Forward,81.95876288659794,25.773195876288657,69.0721649484536,30.412371134020617,73.19587628865979,56.082474226804116,14.020618556701029
10,Mika Biereth,F,2003-02-08,Monaco,1255,0.932,0.143,0.875,0.344,0.766,30000000.0,1.0,23.4,Forward,98.96907216494846,51.546391752577314,96.90721649484536,91.75257731958763,96.90721649484536,87.21649484536083,2.9072164948453607
11,Evann Guessand,F M S,2001-07-01,Nice,2609,0.414,0.276,0.338,0.214,0.338,25000000.0,1.0,25.0,Forward,76.28865979381443,81.44329896907216,55.670103092783506,68.04123711340206,55.670103092783506,67.42268041237114,2.6969072164948455
12,Lucas Stassin,F S,2004-11-29,Saint-Etienne,1916,0.564,0.188,0.395,0.181,0.395,18000000.0,1.0,21.6,Forward,89.69072164948454,65.97938144329896,60.824742268041234,58.76288659793815,64.94845360824742,68.04123711340205,3.7800687285223358
13,Gaetan Laborde,F S,1994-05-03,Nice,1845,0.537,0.195,0.611,0.249,0.462,6000000.0,1.0,32.2,Forward,85.56701030927834,69.58762886597938,83.50515463917526,78.35051546391753,77.31958762886599,78.8659793814433,13.144329896907216
14,Georges Mikautadze,F M S,2000-10-31,Lyon,1397,0.709,0.387,0.738,0.343,0.542,22000000.0,1.0,25.7,Forward,96.90721649484536,95.87628865979381,91.75257731958763,90.72164948453609,84.5360824742268,91.95876288659794,4.179943767572634
15,Keito Nakamura,F M S,2000-07-28,Reims,2702,0.366,0.067,0.308,0.107,0.308,8000000.0,1.0,26.0,Forward,68.04123711340206,24.742268041237114,48.45360824742268,28.865979381443296,51.546391752577314,44.32989690721649,5.541237113402061
16,Gaetan Perrin,F M S,1996-06-07,Auxerre,2750,0.327,0.36,0.202,0.279,0.202,8000000.0,1.0,30.1,Forward,57.73195876288659,92.78350515463917,16.49484536082474,84.5360824742268,21.649484536082475,54.639175257731964,6.8298969072164954
17,Abdoulaye Touré,M S,1994-03-03,Le Havre,2347,0.383,0.038,0.36,0.022,0.097,3000000.0,1.0,32.4,Midfielder,98.7012987012987,32.467532467532465,98.7012987012987,7.792207792207792,55.84415584415584,58.7012987012987,19.567099567099564
18,Hamed Junior Traore,F M,2000-02-16,Auxerre,2154,0.418,0.084,0.32,0.122,0.32,20000000.0,0.855,26.4,Forward,77.31958762886599,30.927835051546392,52.57731958762887,32.47422680412371,54.63917525773196,49.58762886597938,2.479381443298969
19,Gonçalo Ramos,F S,2001-06-20,Paris Saint Germain,1047,0.86,0.258,1.398,0.287,1.202,40000000.0,1.0,25.1,Forward,97.9381443298969,79.38144329896907,100.0,86.5979381443299,100.0,92.78350515463917,2.319587628865979
20,Andrey Santos,M,2004-05-03,Strasbourg,2861,0.315,0.094,0.204,0.104,0.204,35000000.0,1.0,22.2,Midfielder,94.8051948051948,54.54545454545454,80.51948051948052,53.246753246753244,84.4155844155844,73.50649350649351,2.1001855287569575
21,Adrien Rabiot,M S,1995-04-03,Marseille,2476,0.327,0.182,0.265,0.144,0.265,25000000.0,1.0,31.3,Midfielder,96.1038961038961,85.71428571428571,89.6103896103896,71.42857142857143,93.5064935064935,87.27272727272728,3.490909090909091
22,Zuriko Davitashvili,F M S,2001-02-15,Saint-Etienne,2815,0.288,0.256,0.257,0.181,0.208,10000000.0,1.0,25.4,Forward,44.84536082474227,78.35051546391753,31.958762886597935,58.76288659793815,24.742268041237114,47.7319587628866,4.77319587628866
23,Matthis Abline,F M S,2003-03-28,Nantes,2823,0.287,0.064,0.302,0.134,0.278,18000000.0,1.0,23.3,Forward,43.29896907216495,23.711340206185564,46.391752577319586,41.23711340206185,41.23711340206185,39.17525773195876,2.176403207331042
24,Esteban Lepaul,F S,2000-04-18,Angers,1638,0.495,0.0,0.402,0.063,0.402,7000000.0,1.0,26.2,Forward,83.50515463917526,8.762886597938143,62.88659793814433,9.278350515463918,67.0103092783505,46.28865979381443,6.612665684830633
25,Moses Simon,F M S,1995-07-12,Nantes,2661,0.271,0.338,0.234,0.295,0.131,12000000.0,1.0,31.0,Forward,40.20618556701031,88.65979381443299,26.288659793814436,87.62886597938144,7.731958762886598,50.10309278350516,4.175257731958763
26,Mathis Cherki,F M S,,Lyon,2050,0.351,0.483,0.234,0.519,0.234,,,,Forward,63.91752577319587,98.96907216494846,26.288659793814436,98.96907216494846,31.958762886597935,64.02061855670102,
27,Neil El Aynaoui,M S,2001-07-02,Lens,1596,0.451,0.056,0.266,0.116,0.138,15000000.0,1.0,25.0,Midfielder,100.0,40.25974025974026,90.9090909090909,58.44155844155844,70.12987012987013,71.94805194805194,4.796536796536796
28,Corentin Tolisso,M S,1994-08-03,Lyon,2343,0.269,0.154,0.218,0.154,0.218,12000000.0,1.0,32.0,Midfielder,90.9090909090909,79.22077922077922,84.4155844155844,73.37662337662337,87.01298701298701,82.987012987013,6.915584415584417
29,Luis Henrique,D M S,2001-12-14,Marseille,2646,0.238,0.238,0.184,0.184,0.184,25000000.0,1.0,24.6,Defender,98.78048780487805,95.1219512195122,94.20731707317073,87.1951219512195,94.8170731707317,94.02439024390245,3.760975609756098
30,Zakaria Aboukhlal,F M S,2000-02-18,Toulouse,1935,0.326,0.093,0.557,0.079,0.486,12000000.0,1.0,26.4,Forward,56.70103092783505,36.08247422680412,78.35051546391753,14.432989690721648,79.38144329896907,52.98969072164948,4.4158075601374565
31,Joshua King,F M S,1992-01-15,Toulouse,1685,0.32,0.16,0.414,0.093,0.414,1800000.0,1.0,34.5,Forward,54.63917525773196,60.824742268041234,64.94845360824742,19.587628865979383,69.0721649484536,53.814432989690715,29.896907216494842
32,Ludovic Blas,F M S,1997-12-31,Rennes,2332,0.232,0.309,0.215,0.218,0.215,18000000.0,1.0,28.5,Forward,31.958762886597935,84.5360824742268,20.618556701030926,70.61855670103093,26.804123711340207,46.90721649484535,2.605956471935853
33,Romain Del Castillo,F M S,1996-03-29,Brest,1246,0.433,0.289,0.311,0.32,0.092,7000000.0,1.0,30.3,Forward,79.38144329896907,82.4742268041237,49.48453608247423,88.65979381443299,2.5773195876288657,60.51546391752578,8.645066273932255
34,Breel Embolo,F M S,1997-02-14,Monaco,1853,0.291,0.194,0.601,0.286,0.601,12000000.0,1.0,29.4,Forward,46.391752577319586,68.04123711340206,80.41237113402062,85.56701030927834,87.62886597938144,73.60824742268042,6.134020618556701
35,Denis Zakaria,M S,1996-11-20,Monaco,2156,0.25,0.167,0.186,0.066,0.122,30000000.0,1.0,29.7,Midfielder,89.6103896103896,84.4155844155844,75.32467532467533,37.01298701298701,64.93506493506493,70.25974025974025,2.3419913419913416
36,Sofiane Diop,F M S,2000-06-09,Nice,1018,0.53,0.354,0.49,0.275,0.49,10000000.0,1.0,26.1,Forward,84.5360824742268,90.72164948453609,75.25773195876289,82.4742268041237,82.4742268041237,83.09278350515464,8.309278350515465
37,Lee Kang-In,F M S,2001-02-19,Paris Saint Germain,1670,0.323,0.323,0.232,0.367,0.232,25000000.0,0.95,25.4,Forward,55.670103092783506,87.62886597938144,24.22680412371134,92.78350515463917,30.412371134020617,58.14432989690722,2.325773195876289
38,Takumi Minamino,M S,1995-01-16,Monaco,2269,0.238,0.119,0.387,0.268,0.387,15000000.0,1.0,31.5,Midfielder,88.31168831168831,68.18181818181817,100.0,94.8051948051948,100.0,90.25974025974025,6.017316017316017
39,Dilane Bakwa,D F M S,2002-08-26,Strasbourg,2544,0.212,0.283,0.172,0.273,0.172,25000000.0,1.0,23.9,Defender,95.73170731707317,98.78048780487805,92.6829268292683,96.34146341463415,93.29268292682927,95.36585365853658,3.8146341463414632
40,M'Bala Nzola,F S,1996-08-18,Lens,1470,0.367,0.061,0.607,0.074,0.607,6000000.0,1.0,29.9,Forward,69.0721649484536,21.649484536082475,81.44329896907216,12.371134020618557,88.65979381443299,54.639175257731964,9.106529209621995
41,Désiré Doué,F M S,2005-06-03,Paris Saint Germain,1725,0.313,0.313,0.319,0.522,0.319,90000000.0,1.0,21.1,Forward,53.09278350515464,86.5979381443299,51.546391752577314,100.0,53.608247422680414,68.96907216494844,0.7663230240549826
42,Ben Seghir,M S,2005-02-16,Monaco,1759,0.307,0.153,0.33,0.247,0.253,28000000.0,0.9,21.4,Midfielder,92.20779220779221,77.92207792207793,97.40259740259741,92.20779220779221,90.9090909090909,90.12987012987011,3.218923933209647
43,Jubal,D,1993-08-29,Auxerre,2647,0.204,0.0,0.184,0.031,0.08,2500000.0,1.0,32.9,Defender,95.1219512195122,25.0,94.20731707317073,42.3780487804878,72.5609756097561,65.85365853658536,26.34146341463414
44,Himad Abdelli,F M,1999-11-17,Angers,2866,0.188,0.031,0.211,0.123,0.116,7000000.0,1.0,26.7,Forward,23.711340206185564,17.525773195876287,19.587628865979383,34.02061855670103,5.154639175257731,20.0,2.857142857142857
45,Abdallah Sima,F M S,2001-06-17,Brest,1229,0.439,0.146,0.564,0.124,0.564,9000000.0,1.0,25.1,Forward,80.41237113402062,53.608247422680414,79.38144329896907,35.051546391752574,85.56701030927834,66.80412371134021,7.422680412371134
46,Sebastian Nanasi,F M S,2002-05-16,Strasbourg,2166,0.249,0.166,0.253,0.251,0.253,18000000.0,1.0,24.2,Forward,35.56701030927835,61.855670103092784,30.927835051546392,79.38144329896907,36.08247422680412,48.76288659793815,2.709049255441008
47,Vincent Sierro,M S,1995-10-08,Toulouse,2433,0.185,0.037,0.157,0.158,0.101,4000000.0,1.0,30.8,Midfielder,74.02597402597402,31.16883116883117,62.33766233766234,75.32467532467533,61.038961038961034,60.77922077922078,15.194805194805195
48,Irvin Cardona,F M S,1997-08-08,Saint-Etienne,1102,0.408,0.245,0.41,0.174,0.348,2500000.0,1.0,28.9,Forward,75.25773195876289,76.28865979381443,63.91752577319587,56.70103092783505,56.70103092783505,65.77319587628867,26.309278350515466
49,Mahdi Camara,M S,1998-06-30,Brest,2691,0.167,0.1,0.162,0.092,0.162,9000000.0,1.0,28.0,Midfielder,71.42857142857143,58.44155844155844,67.53246753246754,49.35064935064935,75.32467532467533,64.4155844155844,7.157287157287156
50,Yann Gboho,F M S,2001-01-14,Toulouse,2363,0.19,0.152,0.206,0.171,0.206,8000000.0,1.0,25.5,Forward,24.742268041237114,57.73195876288659,18.556701030927837,55.154639175257735,23.711340206185564,35.97938144329897,4.497422680412371
51,Vitinha,M S,2000-02-13,Paris Saint Germain,2020,0.223,0.045,0.165,0.125,0.098,80000000.0,1.0,26.4,Midfielder,83.11688311688312,36.36363636363637,70.12987012987013,64.28571428571429,57.14285714285714,62.2077922077922,0.7775974025974025
52,Maghnes Akliouche,M S,2002-02-25,Monaco,2419,0.186,0.372,0.308,0.316,0.28,45000000.0,1.0,24.4,Midfielder,75.32467532467533,97.40259740259741,94.8051948051948,97.40259740259741,96.1038961038961,92.20779220779221,2.0490620490620493
53,Frank Magri,F M S,1999-09-04,Toulouse,1512,0.298,0.06,0.367,0.102,0.367,3000000.0,1.0,26.9,Forward,48.96907216494845,20.618556701030926,58.76288659793815,24.742268041237114,60.824742268041234,42.78350515463917,14.261168384879724
54,Lassine Sinayoko,F M S,1999-12-08,Auxerre,2305,0.195,0.312,0.278,0.212,0.249,4000000.0,1.0,26.6,Forward,25.773195876288657,85.56701030927834,38.144329896907216,67.0103092783505,34.02061855670103,50.103092783505154,12.525773195876289
55,Mostafa Mohamed,F S,1997-11-28,Nantes,1216,0.37,0.0,0.489,0.034,0.489,5000000.0,1.0,28.6,Forward,70.10309278350515,8.762886597938143,74.22680412371135,5.154639175257731,81.44329896907216,47.93814432989691,9.587628865979381
56,Hákon Haraldsson,F M S,2003-04-10,Lille,1791,0.251,0.151,0.22,0.19,0.22,18000000.0,0.95,23.3,Forward,38.144329896907216,56.70103092783505,21.649484536082475,61.855670103092784,27.835051546391753,41.23711340206186,2.2909507445589923
57,Issa Soumaré,F M S,2000-10-10,Le Havre,1908,0.236,0.189,0.198,0.128,0.198,2000000.0,1.0,25.8,Forward,32.98969072164948,67.0103092783505,13.402061855670103,38.144329896907216,18.556701030927837,34.020618556701024,17.010309278350512
58,Malick Fofana,F M S,2005-03-31,Lyon,1574,0.286,0.229,0.251,0.169,0.251,30000000.0,1.0,21.3,Forward,42.2680412371134,74.74226804123711,29.896907216494846,52.57731958762887,35.051546391752574,46.90721649484536,1.563573883161512
59,Ali Abdi,D S,1993-12-20,Nice,1410,0.319,0.128,0.312,0.151,0.312,3000000.0,1.0,32.6,Defender,100.0,80.48780487804879,99.39024390243902,82.6219512195122,99.39024390243902,92.3780487804878,30.79268292682927
60,André Ayew,F S,1989-12-17,Le Havre,1452,0.248,0.062,0.296,0.011,0.296,600000.0,1.0,36.6,Forward,34.02061855670103,22.68041237113402,43.29896907216495,2.0618556701030926,47.42268041237113,29.896907216494846,49.828178694158076
61,Fabián,M S,1996-04-03,Paris Saint Germain,1911,0.188,0.235,0.218,0.232,0.218,40000000.0,0.9,30.3,Midfielder,77.27272727272727,89.6103896103896,84.4155844155844,88.96103896103897,87.01298701298701,85.45454545454547,2.1363636363636367
62,Thilo Kehrer,D,1996-09-21,Monaco,2386,0.151,0.0,0.049,0.007,0.049,20000000.0,1.0,29.8,Defender,90.2439024390244,25.0,49.08536585365854,14.02439024390244,49.69512195121951,45.609756097560975,2.2804878048780486
63,Neal Maupay,F S,,Marseille,1054,0.342,0.342,0.4,0.195,0.4,,,,Forward,61.855670103092784,89.69072164948454,61.855670103092784,63.91752577319587,65.97938144329896,68.65979381443299,
64,Achraf Hakimi,D S,1998-11-04,Paris Saint Germain,2078,0.173,0.26,0.18,0.323,0.18,80000000.0,1.0,27.7,Defender,92.98780487804879,96.95121951219512,93.29268292682927,99.39024390243902,93.90243902439023,95.30487804878048,1.191310975609756
65,Arnaud Nordin,F M S,1998-06-17,Montpellier,1187,0.303,0.076,0.33,0.091,0.214,5000000.0,1.0,28.1,Forward,51.546391752577314,26.804123711340207,54.63917525773196,16.49484536082474,25.773195876288657,35.05154639175258,7.010309278350516
66,Bafode Diakite,D,2001-01-06,Lille,2770,0.13,0.032,0.09,0.004,0.09,28000000.0,1.0,25.5,Defender,85.97560975609755,50.91463414634146,72.5609756097561,8.231707317073171,75.0,58.53658536585365,2.090592334494773
67,Khvicha Kvaratskhelia,F S,2001-02-12,Paris Saint Germain,926,0.389,0.292,0.386,0.463,0.386,90000000.0,1.0,25.4,Forward,71.1340206185567,83.50515463917526,59.79381443298969,96.90721649484536,62.88659793814433,74.84536082474227,0.8316151202749141
68,Marshall Munetsi,M,1996-06-22,Reims,1697,0.212,0.106,0.307,0.084,0.307,15000000.0,1.0,30.1,Midfielder,80.51948051948052,61.038961038961034,93.5064935064935,44.8051948051948,97.40259740259741,75.45454545454545,5.03030303030303
69,Przemyslaw Frankowski,D M S,1995-04-12,Lens,1399,0.257,0.129,0.158,0.201,0.06,7000000.0,1.0,31.3,Defender,99.39024390243902,82.01219512195121,90.2439024390244,89.63414634146342,56.40243902439024,83.53658536585365,11.933797909407664
70,Folarin Balogun,F S,2001-07-03,Monaco,622,0.579,0.0,0.746,0.164,0.746,18000000.0,1.0,25.0,Forward,92.78350515463917,8.762886597938143,92.78350515463917,48.45360824742268,95.87628865979381,67.73195876288659,3.762886597938144
71,Habib Diarra,D F M S,2004-01-03,Strasbourg,2366,0.152,0.19,0.136,0.217,0.079,20000000.0,1.0,22.5,Defender,91.15853658536585,91.46341463414635,85.97560975609755,91.46341463414635,71.64634146341463,86.34146341463415,4.317073170731708
72,Felix Lemarechal,F M S,2003-08-07,Strasbourg,1803,0.2,0.15,0.203,0.138,0.203,10000000.0,1.0,22.9,Forward,27.835051546391753,55.670103092783506,17.525773195876287,43.81443298969072,22.68041237113402,33.50515463917526,3.350515463917526
73,Edon Zhegrova,F M,1999-03-31,Lille,1007,0.357,0.089,0.191,0.218,0.191,25000000.0,1.0,27.3,Forward,64.94845360824742,35.051546391752574,11.855670103092782,70.61855670103093,15.979381443298967,39.69072164948453,1.5876288659793811
74,Ado Onaiwu,F M S,1995-11-08,Auxerre,894,0.403,0.101,0.415,0.125,0.415,1500000.0,1.0,30.7,Forward,74.22680412371135,40.20618556701031,65.97938144329896,36.08247422680412,70.61855670103093,57.42268041237113,38.281786941580755
75,Junya Ito,F M S,1993-03-09,Reims,2721,0.132,0.099,0.2,0.278,0.2,6000000.0,1.0,33.4,Forward,17.525773195876287,38.144329896907216,14.432989690721648,83.50515463917526,19.587628865979383,34.639175257731964,5.773195876288661
76,Oumar Diakité,F S,,Reims,1696,0.212,0.053,0.325,0.092,0.285,,,,Forward,28.865979381443296,19.072164948453608,53.608247422680414,17.525773195876287,44.329896907216494,32.68041237113401,
77,Douglas Augusto,M,1997-01-13,Nantes,2336,0.154,0.077,0.164,0.066,0.164,6000000.0,1.0,29.5,Midfielder,68.83116883116884,48.05194805194805,68.83116883116884,37.01298701298701,76.62337662337663,59.87012987012988,9.97835497835498
78,Josué Casimir,D F M S,2001-09-24,Le Havre,2024,0.178,0.178,0.165,0.154,0.165,4000000.0,1.0,24.8,Defender,93.90243902439023,89.63414634146342,91.46341463414635,84.7560975609756,92.07317073170732,90.36585365853658,22.591463414634145
79,Shavy Babicka,M S,2000-06-01,Toulouse,1147,0.314,0.157,0.273,0.187,0.273,2500000.0,1.0,26.1,Midfielder,93.5064935064935,83.11688311688312,92.20779220779221,79.22077922077922,94.8051948051948,88.57142857142857,35.42857142857143
80,Matias Fernandez-Pardo,F M S,2005-02-03,Lille,1060,0.34,0.17,0.267,0.221,0.267,15000000.0,1.0,21.4,Forward,60.824742268041234,62.88659793814433,35.051546391752574,73.19587628865979,39.175257731958766,54.22680412371134,3.6151202749140894
81,Goduine Koyalipou,F M S,,Lens,909,0.396,0.0,0.646,0.093,0.646,,,,Forward,72.16494845360825,8.762886597938143,88.65979381443299,19.587628865979383,91.75257731958763,56.18556701030927,
82,Chuba Akpom,F S,1995-10-09,Lille,633,0.427,0.142,0.631,0.127,0.415,7000000.0,1.0,30.8,Forward,78.35051546391753,50.51546391752577,86.5979381443299,37.11340206185567,70.61855670103093,64.63917525773196,9.23416789396171
83,Aleksandr Golovin,M S,1996-05-30,Monaco,1158,0.233,0.0,0.171,0.188,0.171,20000000.0,1.0,30.1,Midfielder,87.01298701298701,15.584415584415584,71.42857142857143,80.51948051948052,77.92207792207793,66.49350649350649,3.3246753246753245
84,Adrien Thomasson,M S,1993-12-10,Lens,2640,0.102,0.239,0.218,0.205,0.218,5000000.0,1.0,32.6,Midfielder,59.74025974025974,90.9090909090909,84.4155844155844,83.11688311688312,87.01298701298701,81.03896103896105,16.20779220779221
85,Valentin Rongier,D M S,1994-12-07,Marseille,1565,0.173,0.058,0.056,0.097,0.056,9000000.0,1.0,31.6,Defender,92.98780487804879,63.41463414634146,53.65853658536586,70.73170731707317,54.268292682926834,67.01219512195122,7.44579945799458
87,Wesley Said,F M S,1995-04-19,Lens,910,0.297,0.0,0.292,0.093,0.292,3000000.0,1.0,31.2,Forward,47.42268041237113,8.762886597938143,42.2680412371134,19.587628865979383,46.391752577319586,32.88659793814433,10.962199312714775
88,Kenny Lala,D S,1991-10-03,Brest,2686,0.101,0.067,0.098,0.131,0.022,2000000.0,1.0,34.8,Defender,79.8780487804878,66.76829268292683,75.0,78.65853658536585,27.743902439024392,65.60975609756096,32.80487804878048
89,Ibrahima Niane,F S,1999-03-11,Angers,907,0.298,0.099,0.767,0.109,0.692,1000000.0,1.0,27.4,Forward,48.96907216494845,38.144329896907216,93.81443298969072,30.412371134020617,93.81443298969072,61.030927835051536,61.030927835051536
90,Romain Faivre,F M S,1998-07-14,Brest,901,0.3,0.2,0.271,0.222,0.195,6000000.0,1.0,28.0,Forward,50.51546391752577,71.1340206185567,36.08247422680412,74.22680412371135,17.525773195876287,49.896907216494846,8.316151202749142
91,Mitchel Bakker,D F M S,2000-06-20,Lille,1144,0.236,0.157,0.249,0.21,0.249,7000000.0,1.0,26.1,Defender,98.17073170731707,86.89024390243902,98.17073170731707,90.85365853658537,98.17073170731707,94.45121951219514,13.49303135888502
92,Mohamed Ali-Cho,F M S,2004-01-19,Nice,1667,0.162,0.216,0.232,0.24,0.232,15000000.0,0.929,22.5,Forward,21.649484536082475,73.19587628865979,24.22680412371134,76.28865979381443,30.412371134020617,45.154639175257735,3.010309278350516
93,Jonathan Clauss,D S,1992-09-25,Nice,2337,0.116,0.308,0.106,0.322,0.106,5000000.0,1.0,33.8,Defender,82.92682926829268,99.39024390243902,78.04878048780488,98.78048780487805,79.8780487804878,87.80487804878048,17.560975609756095
94,Sinaly Diomande,D S,2001-04-09,Auxerre,1945,0.139,0.093,0.063,0.018,0.063,5000000.0,1.0,25.3,Defender,87.5,75.0,57.012195121951216,28.04878048780488,58.231707317073166,61.15853658536586,12.231707317073171
95,Tanguy Coulibaly,F M S,2001-02-18,Montpellier,1502,0.18,0.0,0.297,0.09,0.297,1500000.0,1.0,25.4,Forward,22.68041237113402,8.762886597938143,44.329896907216494,15.463917525773196,48.45360824742268,27.938144329896907,18.625429553264606
96,Lorenz Assignon,D M S,2000-06-22,Rennes,2378,0.114,0.151,0.11,0.149,0.11,9000000.0,1.0,26.1,Defender,82.3170731707317,84.14634146341463,78.96341463414635,81.09756097560977,80.79268292682927,81.46341463414635,9.051490514905149
97,Sepe Elye Wahi,F S,2003-01-02,Marseille,585,0.462,0.154,0.832,0.062,0.715,22000000.0,0.9,23.5,Forward,81.95876288659794,58.76288659793815,95.87628865979381,8.24742268041237,94.84536082474226,67.93814432989691,3.088097469540769
98,Charlie Cresswell,D S,2002-08-17,Toulouse,2601,0.104,0.035,0.143,0.045,0.143,10000000.0,1.0,23.9,Defender,80.48780487804879,53.35365853658537,89.02439024390245,53.65853658536586,90.2439024390244,73.35365853658537,7.335365853658537
99,Ahmadou Bamba Dieng,F S,2000-03-23,Angers,495,0.545,0.0,0.512,0.005,0.374,3000000.0,0.9,26.3,Forward,87.62886597938144,8.762886597938143,76.28865979381443,1.0309278350515463,61.855670103092784,47.11340206185567,15.704467353951891
100,Pablo Rosario,D M S,1997-01-07,Nice,1775,0.152,0.051,0.223,0.029,0.184,8000000.0,1.0,29.5,Defender,91.15853658536585,62.80487804878049,96.95121951219512,39.63414634146341,94.8170731707317,77.07317073170732,9.634146341463415
101,Kamory Doumbia,M S,2003-02-18,Brest,1317,0.205,0.137,0.256,0.154,0.256,4000000.0,1.0,23.4,Midfielder,79.22077922077922,74.02597402597402,88.31168831168831,73.37662337662337,92.20779220779221,81.42857142857142,20.357142857142854
102,Jonathan Rowe,F M S,2003-04-30,Marseille,745,0.362,0.362,0.488,0.513,0.488,12000000.0,1.0,23.2,Forward,65.97938144329896,94.84536082474226,73.19587628865979,97.9381443298969,80.41237113402062,82.47422680412372,6.872852233676976
103,Nicolás Tagliafico,D S,1992-08-31,Lyon,1918,0.141,0.047,0.139,0.032,0.139,6000000.0,1.0,33.9,Defender,88.41463414634147,60.97560975609756,88.41463414634147,44.207317073170735,89.63414634146342,74.32926829268293,12.388211382113822
104,Badredine Bouanani,F M S,2004-12-08,Nice,1083,0.249,0.249,0.235,0.232,0.172,7000000.0,1.0,21.6,Forward,35.56701030927835,77.31958762886599,27.835051546391753,75.25773195876289,12.371134020618557,45.67010309278351,6.524300441826216
105,Youssouf Ndayishimiye,D M S,1998-10-27,Nice,1937,0.139,0.0,0.075,0.008,0.075,12000000.0,1.0,27.7,Defender,87.5,25.0,66.15853658536585,16.158536585365855,67.3780487804878,52.4390243902439,4.369918699186992
106,Mousa Al Tamari,F M S,1997-06-10,"Montpellier,Rennes",1696,0.159,0.053,0.281,0.21,0.281,6000000.0,0.95,29.1,Forward,20.618556701030926,19.072164948453608,39.175257731958766,65.97938144329896,42.2680412371134,37.422680412371136,6.237113402061856
107,Akor Adams,F S,2000-01-29,Montpellier,1079,0.25,0.083,0.419,0.065,0.419,5000000.0,1.0,26.5,Forward,37.11340206185567,29.381443298969074,67.0103092783505,10.309278350515463,72.16494845360825,43.19587628865979,8.639175257731958
108,Arouna Sangante,D,2002-04-12,Le Havre,1268,0.213,0.0,0.069,0.004,0.069,8000000.0,1.0,24.3,Defender,96.34146341463415,25.0,62.80487804878049,8.231707317073171,64.02439024390245,51.28048780487804,6.410060975609755
109,Aron Dønnum,D M S,1998-04-20,Toulouse,2714,0.099,0.066,0.085,0.165,0.085,4000000.0,1.0,28.2,Defender,78.65853658536585,65.54878048780488,71.95121951219512,85.36585365853658,74.39024390243902,75.18292682926828,18.79573170731707
110,Ernest Nuamah,F M S,2003-11-01,Lyon,1038,0.26,0.087,0.183,0.17,0.183,15000000.0,1.0,22.7,Forward,39.175257731958766,34.02061855670103,10.309278350515463,53.608247422680414,14.432989690721648,30.309278350515466,2.0206185567010313
111,João Neves,D M S,2004-09-27,Paris Saint Germain,1875,0.144,0.384,0.185,0.246,0.185,80000000.0,1.0,21.8,Defender,89.02439024390245,100.0,95.1219512195122,93.29268292682927,95.73170731707317,94.63414634146342,1.1829268292682928
112,Osame Sahraoui,M S,2001-06-11,Lille,1251,0.216,0.216,0.201,0.25,0.201,12000000.0,1.0,25.1,Midfielder,81.81818181818183,88.31168831168831,77.92207792207793,93.5064935064935,83.11688311688312,84.93506493506494,7.077922077922079
113,George Ilenikhena,F S,2006-08-16,Monaco,672,0.402,0.268,0.645,0.182,0.645,15000000.0,1.0,19.9,Forward,73.19587628865979,80.41237113402062,87.62886597938144,60.824742268041234,90.72164948453609,78.55670103092783,5.237113402061855
114,Ibrahim Sissoko,F S,1995-11-27,Saint-Etienne,808,0.334,0.111,0.449,0.095,0.365,1800000.0,1.0,30.6,Forward,59.79381443298969,44.329896907216494,70.10309278350515,21.649484536082475,59.79381443298969,51.134020618556704,28.407789232531503
115,Augustine Boakye,F M S,2000-11-03,Saint-Etienne,741,0.364,0.0,0.275,0.137,0.275,2500000.0,1.0,25.7,Forward,67.0103092783505,8.762886597938143,37.11340206185567,42.2680412371134,40.20618556701031,39.07216494845361,15.628865979381445
117,Koka,F S,,Le Havre,863,0.313,0.104,0.515,0.103,0.436,,,,Forward,53.09278350515464,42.2680412371134,77.31958762886599,25.773195876288657,75.25773195876289,54.74226804123712,
118,Pierre-Emile Højbjerg,D M,1995-08-05,Marseille,2670,0.067,0.135,0.105,0.118,0.105,20000000.0,1.0,30.9,Defender,67.98780487804879,82.92682926829268,77.4390243902439,75.0,79.26829268292683,76.52439024390245,3.8262195121951224
119,Ulisses García,D S,,Marseille,918,0.196,0.196,0.117,0.12,0.117,,,,Defender,94.51219512195121,92.07317073170732,81.70731707317073,75.91463414634147,83.53658536585365,85.54878048780488,
120,Jordan Veretout,M S,1993-03-01,Lyon,1581,0.114,0.0,0.159,0.077,0.159,4000000.0,1.0,33.4,Midfielder,62.33766233766234,15.584415584415584,64.93506493506493,42.2077922077922,72.72727272727273,51.55844155844155,12.889610389610388
121,Marco Asensio,F M S,1996-01-21,Paris Saint Germain,634,0.284,0.568,0.93,0.427,0.93,20000000.0,1.0,30.5,Forward,41.23711340206185,100.0,97.9381443298969,94.84536082474226,98.96907216494846,86.5979381443299,4.3298969072164954
122,Sergio Akieme,D S,1997-12-16,Reims,2548,0.071,0.106,0.042,0.099,0.042,7000000.0,1.0,28.6,Defender,70.1219512195122,78.04878048780488,46.03658536585366,71.64634146341463,46.646341463414636,62.5,8.928571428571429
123,Marquinhos,D S,1994-05-14,Paris Saint Germain,1718,0.105,0.0,0.078,0.05,0.078,35000000.0,1.0,32.2,Defender,81.09756097560977,25.0,69.20731707317073,54.87804878048781,70.42682926829268,60.1219512195122,1.7177700348432057
124,Gautier Lloris,D,1995-07-18,Le Havre,2771,0.065,0.032,0.055,0.03,0.055,3000000.0,1.0,31.0,Defender,66.76829268292683,50.91463414634146,53.04878048780488,40.54878048780488,53.65853658536586,52.98780487804879,17.662601626016265
125,Jean Eudes Aholou,M,1994-03-20,Angers,2024,0.089,0.0,0.095,0.041,0.095,2000000.0,0.97,32.3,Midfielder,57.14285714285714,15.584415584415584,53.246753246753244,16.883116883116884,53.246753246753244,39.22077922077922,19.61038961038961
126,Pierre Lees-Melou,M S,1993-05-25,Brest,1516,0.119,0.119,0.079,0.132,0.079,6000000.0,1.0,33.1,Midfielder,63.63636363636363,68.18181818181817,45.45454545454545,66.23376623376623,45.45454545454545,57.79220779220778,9.63203463203463
127,Thomas Meunier,D S,1991-09-12,Lille,1897,0.095,0.0,0.119,0.031,0.119,2000000.0,1.0,34.8,Defender,77.7439024390244,25.0,82.92682926829268,42.3780487804878,84.7560975609756,62.5609756097561,31.28048780487805
128,Amine Harit,M S,,Marseille,529,0.34,0.681,0.172,0.487,0.172,,,,Midfielder,97.40259740259741,100.0,72.72727272727273,100.0,79.22077922077922,89.87012987012987,
130,Téji Savanier,M S,1991-12-22,Montpellier,2382,0.076,0.189,0.158,0.304,0.1,2500000.0,1.0,34.6,Midfielder,49.35064935064935,87.01298701298701,63.63636363636363,96.1038961038961,59.74025974025974,71.16883116883116,28.467532467532465
131,Farid El Melali,F M S,1997-07-13,Angers,1935,0.093,0.14,0.163,0.171,0.163,3500000.0,1.0,29.0,Forward,12.371134020618557,49.48453608247423,8.24742268041237,55.154639175257735,11.34020618556701,27.319587628865982,7.8055964653902805
132,Pereira Lage,F M S,1996-11-30,Brest,1576,0.114,0.4,0.182,0.272,0.182,2500000.0,0.9,29.6,Forward,13.402061855670103,96.90721649484536,9.278350515463918,80.9278350515464,13.402061855670103,42.78350515463917,17.11340206185567
133,Mama Baldé,F M S,1995-11-06,"Brest,Lyon",1177,0.153,0.229,0.259,0.181,0.259,4000000.0,1.0,30.7,Forward,19.587628865979383,74.74226804123711,32.98969072164948,58.76288659793815,37.11340206185567,44.639175257731964,11.159793814432991
134,Zinedine Ferhat,M S,1993-03-01,Angers,799,0.225,0.0,0.082,0.349,0.082,1000000.0,1.0,33.4,Midfielder,85.71428571428571,15.584415584415584,47.4025974025974,98.7012987012987,47.4025974025974,58.96103896103896,58.96103896103896
135,Florian Aye,F S,1997-01-19,Auxerre,547,0.329,0.0,0.361,0.013,0.361,1200000.0,1.0,29.5,Forward,58.76288659793815,8.762886597938143,57.73195876288659,3.0927835051546393,58.76288659793815,37.422680412371136,31.18556701030928
136,Hichem Boudaoui,M S,1999-09-23,Nice,2450,0.073,0.11,0.142,0.101,0.142,15000000.0,0.933,26.8,Midfielder,46.75324675324675,63.63636363636363,61.038961038961034,51.94805194805194,71.42857142857143,58.96103896103896,3.9307359307359304
137,Modibo Sagnan,D S,,Montpellier,2155,0.084,0.0,0.023,0.06,0.023,,,,Defender,73.78048780487805,25.0,28.353658536585364,57.3170731707317,28.96341463414634,42.68292682926829,
138,Melvin Bard,D S,2000-11-06,Nice,1953,0.092,0.046,0.118,0.113,0.118,15000000.0,1.0,25.7,Defender,76.82926829268293,60.36585365853659,82.3170731707317,74.39024390243902,84.14634146341463,75.60975609756096,5.0406504065040645
139,Adrien Truffert,D M S,2001-11-20,Rennes,2764,0.065,0.065,0.065,0.111,0.065,15000000.0,1.0,24.7,Defender,66.76829268292683,64.32926829268293,59.756097560975604,73.47560975609755,60.97560975609756,65.0609756097561,4.33739837398374
141,Florian Tardieu,M S,1992-04-22,Saint-Etienne,1245,0.145,0.289,0.058,0.084,0.058,600000.0,1.0,34.2,Midfielder,67.53246753246754,93.5064935064935,39.61038961038961,44.8051948051948,39.61038961038961,57.01298701298701,95.02164502164503
143,Gabriel Gudmundsson,D S,1999-04-29,Lille,1796,0.1,0.0,0.054,0.111,0.054,7000000.0,1.0,27.2,Defender,79.26829268292683,25.0,52.13414634146341,73.47560975609755,52.743902439024396,56.52439024390244,8.074912891986063
144,Nuno Mendes,D S,2002-06-19,Paris Saint Germain,1681,0.107,0.161,0.094,0.35,0.094,70000000.0,1.0,24.1,Defender,81.70731707317073,87.8048780487805,73.17073170731707,100.0,75.60975609756098,83.65853658536585,1.1951219512195121
145,Johann Lepenant,M S,2002-10-22,Nantes,2064,0.087,0.044,0.085,0.06,0.085,6000000.0,1.0,23.7,Midfielder,54.54545454545454,35.064935064935064,49.35064935064935,29.87012987012987,49.35064935064935,43.63636363636363,7.2727272727272725
146,Remy Labeau Lascary,F M S,1990-03-08,Lens,626,0.288,0.144,0.432,0.166,0.432,2500000.0,0.855,36.4,Forward,44.84536082474227,52.57731958762887,68.04123711340206,49.48453608247423,74.22680412371135,57.83505154639175,23.1340206185567
147,Mamadou Diakhon,F M S,2005-09-22,Reims,782,0.23,0.115,0.162,0.1,0.162,3000000.0,1.0,20.8,Forward,30.927835051546392,45.36082474226804,7.216494845360824,23.711340206185564,10.309278350515463,23.50515463917526,7.835051546391753
149,Anass Zaroury,D F M S,,Lens,1411,0.128,0.128,0.121,0.227,0.121,,,,Defender,85.0609756097561,80.48780487804879,83.53658536585365,92.07317073170732,85.36585365853658,85.3048780487805,
150,Yassine Kechta,F M S,2002-02-25,Le Havre,2163,0.083,0.0,0.095,0.049,0.095,5000000.0,1.0,24.4,Forward,8.762886597938143,8.762886597938143,3.0927835051546393,7.216494845360824,4.123711340206185,6.391752577319587,1.2783505154639174
151,Lamine Camara,M S,2004-01-01,Monaco,2104,0.086,0.299,0.096,0.208,0.096,22000000.0,1.0,22.5,Midfielder,53.246753246753244,94.8051948051948,54.54545454545454,86.36363636363636,54.54545454545454,68.7012987012987,3.122786304604486
152,Diego Moreira,D F M S,2004-08-06,Strasbourg,2586,0.07,0.244,0.084,0.27,0.084,18000000.0,1.0,21.9,Defender,69.51219512195121,95.73170731707317,71.34146341463415,95.73170731707317,73.78048780487805,81.21951219512195,4.512195121951219
155,Senny Mayulu,D M S,2006-05-17,Paris Saint Germain,787,0.229,0.229,0.362,0.292,0.362,15000000.0,1.0,20.2,Defender,97.5609756097561,94.51219512195121,100.0,97.2560975609756,100.0,97.86585365853658,6.524390243902439
157,Theo Bair,F S,2001-02-02,Auxerre,912,0.197,0.099,0.314,0.106,0.314,300000.0,0.855,25.5,Forward,26.804123711340207,38.144329896907216,50.51546391752577,27.31958762886598,52.57731958762887,39.072164948453604,130.2405498281787
159,Louis Leroux,D M S,2006-01-23,Nantes,802,0.224,0.112,0.214,0.148,0.214,4000000.0,1.0,20.5,Defender,96.95121951219512,79.26829268292683,96.34146341463415,80.48780487804879,96.95121951219512,90.0,22.5
160,Albert Grønbæk,F M S,,Rennes,816,0.221,0.11,0.226,0.106,0.226,,,,Forward,29.896907216494846,43.29896907216495,22.68041237113402,27.31958762886598,28.865979381443296,30.412371134020624,
161,Ismaël Koné,M S,2002-06-16,"Marseille,Rennes",803,0.224,0.112,0.049,0.205,0.049,9000000.0,1.0,24.1,Midfielder,84.4155844155844,64.93506493506493,36.36363636363637,83.11688311688312,36.36363636363637,61.03896103896104,6.782106782106783
162,Mohamed Meïté,F S,,Rennes,525,0.343,0.0,0.465,0.072,0.465,,,,Forward,62.88659793814433,8.762886597938143,72.16494845360825,11.34020618556701,78.35051546391753,46.70103092783505,
164,Wahbi Khazri,F M S,1991-02-08,Montpellier,1084,0.083,0.083,0.138,0.168,0.138,1000000.0,1.0,35.4,Forward,8.762886597938143,29.381443298969074,6.185567010309279,51.546391752577314,9.278350515463918,21.030927835051543,21.030927835051543
166,Seko Fofana,M S,,Rennes,845,0.107,0.107,0.247,0.114,0.247,,,,Midfielder,61.038961038961034,62.33766233766234,87.01298701298701,57.14285714285714,89.6103896103896,71.42857142857142,
167,Pol Lirola,D S,1997-08-13,Marseille,670,0.134,0.269,0.112,0.099,0.112,4000000.0,1.0,28.9,Defender,86.58536585365853,97.5609756097561,79.8780487804878,71.64634146341463,81.70731707317073,83.47560975609755,20.86890243902439
168,Ainsley Maitland-Niles,D M S,1997-08-29,Lyon,1943,0.046,0.185,0.115,0.207,0.115,12000000.0,1.0,28.9,Defender,60.97560975609756,90.2439024390244,81.09756097560977,90.2439024390244,82.92682926829268,81.09756097560975,6.758130081300813
169,Daler Kuzyaev,M S,1993-01-15,Le Havre,553,0.163,0.0,0.037,0.065,0.037,3500000.0,1.0,33.5,Midfielder,70.12987012987013,15.584415584415584,25.97402597402597,35.064935064935064,25.97402597402597,34.54545454545455,9.87012987012987
170,Jonas Martin,M S,1990-04-09,Brest,480,0.188,0.0,0.161,0.07,0.161,600000.0,1.0,36.3,Midfielder,77.27272727272727,15.584415584415584,66.23376623376623,39.61038961038961,74.02597402597402,54.54545454545454,90.9090909090909
171,Florian Sotoca,D F M S,1990-10-25,Lens,1805,0.05,0.05,0.234,0.07,0.234,2000000.0,1.0,35.7,Defender,62.5,62.19512195121951,97.5609756097561,61.890243902439025,97.5609756097561,76.34146341463415,38.170731707317074
172,Issiaga Sylla,D M S,1994-01-01,Montpellier,1165,0.077,0.0,0.138,0.039,0.138,1500000.0,1.0,32.5,Defender,71.34146341463415,25.0,87.1951219512195,50.0,88.41463414634147,64.39024390243902,42.926829268292686
173,Rémy Cabella,F M S,1990-03-08,Lille,1006,0.089,0.179,0.306,0.22,0.306,2500000.0,1.0,36.4,Forward,11.34020618556701,64.94845360824742,47.42268041237113,72.16494845360825,50.51546391752577,49.27835051546391,19.711340206185564
174,Jeremie Boga,F M S,,Nice,1059,0.085,0.085,0.3,0.196,0.3,,,,Forward,10.309278350515463,31.958762886597935,45.36082474226804,64.94845360824742,49.48453608247423,40.41237113402061,
175,Said Benrahma,F M S,1995-08-10,Lyon,757,0.119,0.357,0.246,0.272,0.246,10000000.0,1.0,30.9,Forward,14.432989690721648,91.75257731958763,28.865979381443296,80.9278350515464,32.98969072164948,49.79381443298969,4.979381443298969
177,Kelvin Adou,D S,,Nantes,2159,0.042,0.0,0.026,0.037,0.026,,,,Defender,56.09756097560976,25.0,31.097560975609756,48.170731707317074,31.70731707317073,38.41463414634147,
178,Mathieu Cafaro,F M S,1997-03-25,Saint-Etienne,729,0.123,0.0,0.284,0.156,0.284,2500000.0,1.0,29.3,Forward,15.463917525773196,8.762886597938143,40.20618556701031,46.391752577319586,43.29896907216495,30.824742268041234,12.329896907216494
180,Angel Gomes,M S,2000-08-31,Lille,750,0.12,0.12,0.207,0.205,0.116,20000000.0,1.0,25.9,Midfielder,65.5844155844156,70.12987012987013,81.81818181818183,83.11688311688312,63.63636363636363,72.85714285714286,3.6428571428571432
181,Hugo Magnetti,M S,1998-05-30,Brest,2352,0.038,0.0,0.033,0.02,0.033,6000000.0,1.0,28.1,Midfielder,37.01298701298701,15.584415584415584,24.025974025974026,6.493506493506493,24.025974025974026,21.428571428571423,3.5714285714285707
182,Mickael Nade,D S,1999-03-04,Saint-Etienne,2306,0.039,0.078,0.036,0.039,0.036,2000000.0,1.0,27.4,Defender,54.87804878048781,68.29268292682927,39.63414634146341,50.0,40.243902439024396,50.609756097560975,25.304878048780488
183,Tanguy NDombele Alvaro,M S,1996-12-28,Nice,1153,0.078,0.156,0.177,0.172,0.177,7000000.0,0.95,29.5,Midfielder,50.649350649350644,81.16883116883116,74.02597402597402,76.62337662337663,80.51948051948052,72.59740259740259,10.371057513914655
184,Ruben Aguilar,D M S,1993-04-26,Lens,1143,0.079,0.157,0.129,0.186,0.129,3500000.0,1.0,33.2,Defender,71.95121951219512,86.89024390243902,85.36585365853658,87.8048780487805,87.1951219512195,83.84146341463415,23.954703832752614
185,Nicolas Cozza,D S,1999-01-08,Nantes,2045,0.044,0.0,0.077,0.036,0.077,3500000.0,1.0,27.5,Defender,58.231707317073166,25.0,67.98780487804879,46.95121951219512,69.20731707317073,53.47560975609756,15.278745644599303
186,Angelo Fulgini,D F M S,,Lens,1034,0.087,0.087,0.208,0.231,0.208,,,,Defender,74.6951219512195,71.95121951219512,95.73170731707317,92.6829268292683,96.34146341463415,86.28048780487805,
187,Elisha Owusu,M,1997-11-07,Auxerre,2384,0.038,0.113,0.017,0.035,0.017,3000000.0,1.0,28.7,Midfielder,37.01298701298701,66.23376623376623,11.688311688311687,14.285714285714285,11.688311688311687,28.18181818181818,9.393939393939393
188,Mohammed Salisu,D S,1999-04-17,Monaco,1016,0.089,0.0,0.099,0.007,0.099,12000000.0,1.0,27.2,Defender,75.91463414634147,25.0,75.60975609756098,14.02439024390244,77.4390243902439,53.59756097560976,4.466463414634147
189,Duje Caleta-Car,D S,,Lyon,1589,0.057,0.0,0.077,0.01,0.077,,,,Defender,65.85365853658537,25.0,67.98780487804879,18.902439024390244,69.20731707317073,49.39024390243903,
190,Wilfried Stephane Singo,D S,2000-12-25,Monaco,2081,0.043,0.086,0.065,0.071,0.065,25000000.0,0.855,25.6,Defender,57.012195121951216,71.34146341463415,59.756097560975604,62.80487804878049,60.97560975609756,62.3780487804878,2.495121951219512
191,Theo Sainte Luce,D M S,1998-10-20,Montpellier,1030,0.087,0.0,0.155,0.103,0.155,800000.0,0.968,27.7,Defender,74.6951219512195,25.0,89.63414634146342,72.5609756097561,90.85365853658537,70.54878048780488,88.18597560975608
192,Brendan Chardonnet,D,1994-12-22,Brest,2422,0.037,0.0,0.051,0.051,0.051,6000000.0,1.0,31.6,Defender,53.963414634146346,25.0,50.609756097560975,55.79268292682927,51.21951219512195,47.31707317073171,7.886178861788618
193,Joris Chotard,M S,2001-09-24,Montpellier,1908,0.047,0.0,0.071,0.018,0.071,6000000.0,1.0,24.8,Midfielder,40.25974025974026,15.584415584415584,44.15584415584416,5.194805194805195,44.15584415584416,29.87012987012987,4.978354978354978
194,Ki-Jana Hoever,D S,2002-01-18,Auxerre,2170,0.041,0.083,0.025,0.121,0.025,5000000.0,1.0,24.5,Defender,55.487804878048784,70.73170731707317,29.878048780487802,76.82926829268293,30.48780487804878,52.6829268292683,10.536585365853659
195,Lilian Brassier,D S,1999-11-02,"Marseille,Rennes",2016,0.045,0.045,0.068,0.022,0.068,10000000.0,1.0,26.7,Defender,59.756097560975604,59.45121951219512,62.19512195121951,31.402439024390244,63.41463414634146,55.24390243902438,5.524390243902438
196,Saidou Sow,D S,2002-07-04,"Nantes,Strasbourg",1823,0.049,0.049,0.07,0.038,0.07,6000000.0,1.0,24.0,Defender,61.58536585365854,61.58536585365854,63.71951219512195,48.78048780487805,64.9390243902439,60.1219512195122,10.020325203252034
197,Timothee Pembele,D M S,2002-09-09,Le Havre,1099,0.082,0.0,0.097,0.008,0.097,2500000.0,1.0,23.9,Defender,72.86585365853658,25.0,74.39024390243902,16.158536585365855,76.82926829268293,53.048780487804876,21.21951219512195
198,Tinotenda Kadewere,M S,,Nantes,514,0.175,0.35,0.322,0.179,0.322,,,,Midfielder,72.72727272727273,96.1038961038961,96.1038961038961,77.92207792207793,98.7012987012987,88.31168831168831,
199,Sékou Mara,F M S,,Strasbourg,727,0.124,0.124,0.265,0.138,0.265,,,,Forward,16.49484536082474,47.42268041237113,34.02061855670103,43.81443298969072,38.144329896907216,35.97938144329897,
202,Quentin Merlin,D M S,2002-05-16,Marseille,1627,0.055,0.166,0.138,0.175,0.138,15000000.0,1.0,24.2,Defender,65.2439024390244,88.41463414634147,87.1951219512195,86.58536585365853,88.41463414634147,83.17073170731707,5.544715447154472
203,Niakhate Ndiaye,D S,,Brest,1703,0.053,0.0,0.036,0.001,0.036,,,,Defender,63.71951219512195,25.0,39.63414634146341,3.6585365853658534,40.243902439024396,34.451219512195124,
204,Andy Diouf,F M S,2003-05-17,Lens,2262,0.04,0.08,0.131,0.13,0.131,15000000.0,1.0,23.2,Forward,6.185567010309279,27.835051546391753,5.154639175257731,39.69072164948454,7.731958762886598,17.319587628865982,1.154639175257732
205,Deiver Machado,D M S,1993-09-02,Lens,1793,0.05,0.201,0.11,0.147,0.11,3000000.0,1.0,32.9,Defender,62.5,92.6829268292683,78.96341463414635,79.8780487804878,80.79268292682927,78.96341463414635,26.321138211382117
206,Jim Allevinah,F M S,,Angers,1814,0.05,0.149,0.201,0.154,0.201,,,,Forward,7.216494845360824,54.63917525773196,15.463917525773196,45.36082474226804,20.618556701030926,28.659793814432987,
208,Tanner Tessmann,M S,2001-09-24,Lyon,1218,0.074,0.0,0.088,0.054,0.088,6000000.0,1.0,24.8,Midfielder,48.05194805194805,15.584415584415584,50.649350649350644,25.324675324675322,50.649350649350644,38.05194805194805,6.341991341991342
209,Azor Matusiwa,M S,1998-04-28,Rennes,2079,0.043,0.13,0.06,0.107,0.06,8000000.0,1.0,28.2,Midfielder,38.961038961038966,71.42857142857143,41.55844155844156,55.84415584415584,41.55844155844156,49.87012987012987,6.233766233766234
210,Leo Østigard,D S,1999-11-28,Rennes,1231,0.073,0.0,0.065,0.01,0.065,10000000.0,1.0,26.6,Defender,70.73170731707317,25.0,59.756097560975604,18.902439024390244,60.97560975609756,47.07317073170732,4.707317073170732
211,Vanderson,D S,2001-06-21,Monaco,2086,0.043,0.129,0.113,0.126,0.113,20000000.0,1.0,25.1,Defender,57.012195121951216,82.01219512195121,80.48780487804879,78.04878048780488,82.3170731707317,75.97560975609755,3.7987804878048776
212,Pierre Ekwah,D M,,Saint-Etienne,2592,0.035,0.0,0.026,0.041,0.026,,,,Defender,52.4390243902439,25.0,31.097560975609756,52.4390243902439,31.70731707317073,38.53658536585366,
213,Ismaël Doukouré,D M,2003-07-24,Strasbourg,2658,0.034,0.034,0.022,0.043,0.022,18000000.0,1.0,23.0,Defender,51.829268292682926,52.4390243902439,27.439024390243905,53.04878048780488,27.743902439024392,42.50000000000001,2.3611111111111116
215,Yassin Belkhdim,M S,2002-02-14,Angers,1529,0.059,0.059,0.048,0.03,0.048,1000000.0,1.0,24.4,Midfielder,44.15584415584416,41.55844155844156,35.064935064935064,12.337662337662337,35.064935064935064,33.63636363636364,33.63636363636364
216,Junior Mwanga,M S,2003-05-11,"Le Havre,Strasbourg",1249,0.072,0.144,0.099,0.12,0.099,6000000.0,1.0,23.2,Midfielder,45.45454545454545,75.32467532467533,55.84415584415584,60.3896103896104,58.44155844155844,59.0909090909091,9.84848484848485
217,Warren Zaïre-Emery,D M S,2006-03-08,Paris Saint Germain,2055,0.044,0.088,0.095,0.09,0.095,55000000.0,1.0,20.4,Defender,58.231707317073166,72.5609756097561,73.78048780487805,69.20731707317073,76.21951219512195,70.0,1.2727272727272727
218,Alexsandro Ribeiro,D,1999-08-09,Lille,2700,0.033,0.033,0.04,0.023,0.04,20000000.0,0.9,26.9,Defender,50.609756097560975,51.829268292682926,44.51219512195122,32.31707317073171,45.1219512195122,44.8780487804878,2.24390243902439
219,Guela Doué,D S,2002-10-17,Strasbourg,2713,0.033,0.066,0.033,0.032,0.033,18000000.0,1.0,23.7,Defender,50.609756097560975,65.54878048780488,36.58536585365854,44.207317073170735,37.19512195121951,46.829268292682926,2.6016260162601625
220,Rayan Raveloson,D M S,1997-01-16,Auxerre,705,0.128,0.0,0.127,0.015,0.127,2000000.0,1.0,29.5,Defender,85.0609756097561,25.0,84.45121951219512,25.304878048780488,86.28048780487805,61.21951219512196,30.60975609756098
221,Yaya Fofana,F M S,2004-06-12,Reims,646,0.139,0.139,0.117,0.241,0.117,4000000.0,1.0,22.1,Forward,18.556701030927837,48.45360824742268,4.123711340206185,77.31958762886599,6.185567010309279,30.927835051546396,7.731958762886599
222,Warren Kamanzi,D S,2000-11-11,Toulouse,1010,0.089,0.089,0.171,0.089,0.171,2000000.0,1.0,25.7,Defender,75.91463414634147,73.47560975609755,92.07317073170732,68.29268292682927,92.6829268292683,80.48780487804878,40.24390243902439
223,Abner,D S,2000-05-27,Lyon,1094,0.082,0.082,0.083,0.09,0.083,7000000.0,1.0,26.1,Defender,72.86585365853658,70.1219512195122,70.73170731707317,69.20731707317073,73.17073170731707,71.21951219512195,10.174216027874564
225,Valentin Atangana Edoa,D M S,2005-08-25,Reims,2909,0.031,0.0,0.073,0.024,0.073,10000000.0,0.95,20.9,Defender,49.390243902439025,25.0,65.2439024390244,33.53658536585366,66.46341463414635,47.92682926829268,4.792682926829268
226,Tom Louchet,D M S,2003-05-04,Nice,734,0.123,0.0,0.075,0.19,0.075,2500000.0,1.0,23.2,Defender,83.53658536585365,25.0,66.15853658536585,88.41463414634147,67.3780487804878,66.09756097560975,26.4390243902439
227,Joseph Okumu,D S,1997-05-26,Reims,1714,0.053,0.0,0.063,0.005,0.063,7000000.0,1.0,29.1,Defender,63.71951219512195,25.0,57.012195121951216,10.670731707317072,58.231707317073166,42.92682926829268,6.132404181184668
228,Teddy Teuma,M S,1993-09-30,Reims,753,0.12,0.0,0.203,0.141,0.112,3000000.0,1.0,32.8,Midfielder,65.5844155844156,15.584415584415584,79.22077922077922,68.83116883116884,62.33766233766234,58.311688311688314,19.437229437229437
229,Cristian Cásseres Jr.,M S,2000-01-20,Toulouse,2739,0.033,0.099,0.032,0.105,0.032,6000000.0,1.0,26.5,Midfielder,35.064935064935064,55.84415584415584,22.07792207792208,54.54545454545454,22.07792207792208,37.92207792207792,6.32034632034632
230,Lucas Mincarelli Davin,D S,2004-01-05,Montpellier,716,0.126,0.0,0.076,0.095,0.076,900000.0,0.95,22.5,Defender,84.14634146341463,25.0,67.07317073170732,70.1219512195122,68.29268292682927,62.92682926829268,69.91869918699186
231,Rassoul Ndiaye,M S,2001-12-11,Le Havre,1027,0.088,0.0,0.135,0.064,0.135,2000000.0,1.0,24.6,Midfielder,55.84415584415584,15.584415584415584,59.74025974025974,33.76623376623377,68.83116883116884,46.753246753246756,23.376623376623378
232,Abakar Sylla,D S,,Strasbourg,944,0.095,0.0,0.06,0.006,0.06,,,,Defender,77.7439024390244,25.0,55.487804878048784,12.5,56.40243902439024,45.426829268292686,
233,Amir Murillo,D S,1996-02-11,Marseille,2425,0.037,0.111,0.066,0.134,0.066,10000000.0,1.0,30.4,Defender,53.963414634146346,78.65853658536585,61.58536585365854,79.26829268292683,62.80487804878049,67.25609756097562,6.725609756097562
234,Gabriel Osho,D,1998-08-14,Auxerre,1667,0.054,0.0,0.054,0.005,0.054,3000000.0,1.0,27.9,Defender,64.63414634146342,25.0,52.13414634146341,10.670731707317072,52.743902439024396,41.03658536585366,13.678861788617887
237,Jhoanner Chávez,D M S,,Lens,606,0.149,0.0,0.071,0.125,0.071,,,,Defender,89.63414634146342,25.0,64.63414634146342,77.4390243902439,65.85365853658537,64.51219512195124,
238,Beraldo,D S,2003-11-24,Paris Saint Germain,2014,0.045,0.0,0.047,0.026,0.047,25000000.0,0.9,22.6,Defender,59.756097560975604,25.0,48.170731707317074,36.58536585365854,48.78048780487805,43.65853658536586,1.7463414634146344
239,Rabby Nzingoula,M S,2005-11-25,Montpellier,1712,0.053,0.053,0.082,0.053,0.082,2500000.0,1.0,20.6,Midfielder,42.857142857142854,38.961038961038966,47.4025974025974,23.376623376623375,47.4025974025974,39.99999999999999,15.999999999999996
240,Djaoui Cissé,M,2004-01-31,Rennes,1146,0.079,0.0,0.029,0.03,0.029,8000000.0,1.0,22.5,Midfielder,51.94805194805194,15.584415584415584,17.532467532467532,12.337662337662337,17.532467532467532,22.987012987012985,2.873376623376623
242,Dylan Batubinsika,D S,1996-02-15,Saint-Etienne,2006,0.045,0.0,0.031,0.013,0.031,1200000.0,1.0,30.4,Defender,59.756097560975604,25.0,34.45121951219512,21.951219512195124,35.0609756097561,35.24390243902438,29.369918699186986
245,Mark McKenzie,D S,1999-02-25,Toulouse,2504,0.036,0.036,0.064,0.017,0.064,6000000.0,1.0,27.4,Defender,53.04878048780488,54.57317073170732,57.92682926829268,27.134146341463417,59.14634146341463,50.36585365853658,8.39430894308943
246,Sorba Thomas,D F M S,1999-01-25,Nantes,1323,0.068,0.204,0.127,0.292,0.127,3500000.0,1.0,27.5,Defender,68.90243902439023,93.29268292682927,84.45121951219512,97.2560975609756,86.28048780487805,86.03658536585365,24.581881533101043
247,Florent Hanin,D S,1990-02-04,Angers,2705,0.033,0.067,0.034,0.08,0.034,300000.0,1.0,36.4,Defender,50.609756097560975,66.76829268292683,37.5,66.46341463414635,38.109756097560975,51.890243902439025,172.96747967479675
248,Emmanuel Biumla,D S,2005-05-08,Angers,1334,0.067,0.0,0.065,0.002,0.065,4000000.0,1.0,21.2,Defender,67.98780487804879,25.0,59.756097560975604,5.487804878048781,60.97560975609756,43.84146341463415,10.960365853658537
250,Jordan Teze,D S,1999-09-30,Monaco,574,0.157,0.0,0.251,0.263,0.251,9000000.0,1.0,26.8,Defender,92.07317073170732,25.0,98.78048780487805,94.8170731707317,98.78048780487805,81.89024390243904,9.098915989159893
252,Benjamin Bouchouari,M S,2001-11-13,Saint-Etienne,1794,0.05,0.0,0.031,0.05,0.031,5000000.0,1.0,24.7,Midfielder,41.55844155844156,15.584415584415584,20.12987012987013,22.07792207792208,20.12987012987013,23.896103896103895,4.779220779220779
253,Thiago Almada,M S,2001-04-26,Lyon,934,0.096,0.385,0.192,0.232,0.192,25000000.0,1.0,25.2,Midfielder,58.44155844155844,98.7012987012987,76.62337662337663,88.96103896103897,81.81818181818183,80.9090909090909,3.2363636363636363
258,Dante,D S,1983-10-18,Nice,1958,0.0,0.0,0.016,0.013,0.016,500000.0,1.0,42.7,Defender,24.695121951219512,25.0,20.73170731707317,21.951219512195124,20.73170731707317,22.621951219512194,45.24390243902439
260,Nemanja Matic,M S,1988-08-01,Lyon,2084,0.0,0.043,0.003,0.061,0.003,2000000.0,1.0,38.0,Midfielder,17.532467532467532,33.76623376623377,1.2987012987012987,31.818181818181817,1.2987012987012987,17.142857142857146,8.571428571428573
261,Massadio Haidara,D S,1992-12-02,Brest,1707,0.0,0.0,0.016,0.021,0.016,1500000.0,1.0,33.6,Defender,24.695121951219512,25.0,20.73170731707317,30.48780487804878,20.73170731707317,24.329268292682926,16.21951219512195
262,Jordan Amavi,D S,1994-03-09,Brest,780,0.0,0.0,0.034,0.02,0.034,1500000.0,1.0,32.4,Defender,24.695121951219512,25.0,37.5,29.573170731707314,38.109756097560975,30.975609756097562,20.650406504065042
263,Pedro Chirivella,M S,1997-05-23,Nantes,2404,0.0,0.075,0.012,0.085,0.012,5000000.0,1.0,29.1,Midfielder,17.532467532467532,46.103896103896105,8.441558441558442,46.75324675324675,8.441558441558442,25.454545454545457,5.090909090909092
264,Gianluigi Donnarumma,GK,1999-02-25,Paris Saint Germain,2091,0.0,0.0,0.0,0.0,0.0,40000000.0,1.0,27.4,Goalkeeper,52.0,48.0,50.0,30.0,50.0,46.0,1.15
266,Assane Diousse,M S,1997-09-20,Auxerre,646,0.0,0.0,0.007,0.017,0.007,700000.0,1.0,28.8,Midfielder,17.532467532467532,15.584415584415584,3.896103896103896,3.896103896103896,3.896103896103896,8.96103896103896,12.801484230055658
267,Nikola Maksimovic,D,1991-11-25,Montpellier,592,0.0,0.0,0.007,0.008,0.007,300000.0,1.0,34.6,Defender,24.695121951219512,25.0,8.231707317073171,16.158536585365855,8.231707317073171,16.463414634146343,54.87804878048781
268,Geoffrey Kondogbia,D M S,1993-02-15,Marseille,2026,0.0,0.0,0.031,0.007,0.031,7000000.0,1.0,33.4,Defender,24.695121951219512,25.0,34.45121951219512,14.02439024390244,35.0609756097561,26.646341463414636,3.8066202090592336
269,Steve Mandanda,GK S,1985-03-28,Rennes,1490,0.0,0.0,0.0,0.009,0.0,500000.0,1.0,41.3,Goalkeeper,52.0,48.0,50.0,92.0,50.0,58.4,116.8
270,Edimilson Fernandes,D M S,1996-04-15,Brest,1111,0.0,0.081,0.026,0.06,0.026,3000000.0,1.0,30.3,Defender,24.695121951219512,69.51219512195121,31.097560975609756,57.3170731707317,31.70731707317073,42.86585365853658,14.28861788617886
271,Nampalys Mendy,M S,1992-06-23,Lens,592,0.0,0.152,0.023,0.025,0.023,1800000.0,1.0,34.1,Midfielder,17.532467532467532,76.62337662337663,14.285714285714285,9.090909090909092,14.285714285714285,26.363636363636363,14.646464646464645
272,Gerónimo Rulli,GK,1992-05-20,Marseille,3060,0.0,0.0,0.0,0.002,0.0,8000000.0,1.0,34.2,Goalkeeper,52.0,48.0,50.0,68.0,50.0,53.6,6.7
273,Lucas Hernández,D S,1996-02-14,Paris Saint Germain,869,0.0,0.0,0.009,0.004,0.009,25000000.0,1.0,30.4,Defender,24.695121951219512,25.0,10.670731707317072,8.231707317073171,10.670731707317072,15.853658536585366,0.6341463414634146
274,André Gomes,M S,1993-07-30,Lille,1301,0.0,0.0,0.033,0.061,0.033,6000000.0,1.0,33.0,Midfielder,17.532467532467532,15.584415584415584,24.025974025974026,31.818181818181817,24.025974025974026,22.597402597402596,3.766233766233766
275,Mat Ryan,GK,,Lens,1260,0.0,0.0,0.0,0.0,0.0,,,,Goalkeeper,52.0,48.0,50.0,30.0,50.0,46.0,
276,Alban Lafont,GK,,Nantes,1080,0.0,0.0,0.0,0.004,0.0,,,,Goalkeeper,52.0,48.0,50.0,84.0,50.0,56.8,
277,Benjamin André,M,1990-08-03,Lille,2697,0.0,0.1,0.046,0.088,0.046,5000000.0,1.0,36.0,Midfielder,17.532467532467532,58.44155844155844,33.116883116883116,48.05194805194805,33.116883116883116,38.05194805194805,7.6103896103896105
278,Aissa Mandi,D S,1991-10-22,Lille,1768,0.0,0.0,0.017,0.035,0.017,1200000.0,1.0,34.7,Defender,24.695121951219512,25.0,22.25609756097561,45.73170731707317,22.25609756097561,27.98780487804878,23.323170731707318
279,Anthony Lopes,GK,1990-10-01,Nantes,1563,0.0,0.0,0.0,0.0,0.0,1200000.0,1.0,35.8,Goalkeeper,52.0,48.0,50.0,30.0,50.0,46.0,38.333333333333336
280,Jordan Ferri,M S,1992-03-12,Montpellier,1804,0.0,0.1,0.019,0.056,0.019,2000000.0,1.0,34.3,Midfielder,17.532467532467532,58.44155844155844,12.987012987012985,27.27272727272727,12.987012987012985,25.844155844155843,12.922077922077921
281,Mathieu Gorgelin,GK,1990-08-05,Le Havre,1440,0.0,0.0,0.0,0.0,0.0,300000.0,1.0,35.9,Goalkeeper,52.0,48.0,50.0,30.0,50.0,46.0,153.33333333333334
282,Djibril Sidibe,D S,1992-07-29,Toulouse,2117,0.0,0.128,0.013,0.12,0.013,1000000.0,1.0,34.0,Defender,24.695121951219512,80.48780487804879,15.24390243902439,75.91463414634147,15.24390243902439,42.31707317073172,42.31707317073172
285,Benjamin Lecomte,GK,1991-04-26,Montpellier,2700,0.0,0.0,0.0,0.005,0.0,1500000.0,1.0,35.2,Goalkeeper,52.0,48.0,50.0,88.0,50.0,57.6,38.4
286,Marcus Coco,D S,1996-06-24,Nantes,960,0.0,0.094,0.004,0.151,0.004,1200000.0,1.0,30.1,Defender,24.695121951219512,75.60975609756098,6.097560975609756,82.6219512195122,6.097560975609756,39.02439024390244,32.520325203252035
287,Pierrick Capelle,M S,1987-04-15,Angers,450,0.0,0.0,0.039,0.208,0.039,200000.0,1.0,39.3,Midfielder,17.532467532467532,15.584415584415584,27.27272727272727,86.36363636363636,27.27272727272727,34.8051948051948,174.025974025974
288,Dennis Appiah,D S,1992-06-09,Saint-Etienne,2108,0.0,0.043,0.01,0.079,0.01,800000.0,1.0,34.1,Defender,24.695121951219512,58.231707317073166,12.5,65.85365853658537,12.5,34.75609756097561,43.44512195121951
289,Andy Delort,F S,1991-10-09,Montpellier,638,0.0,0.0,0.286,0.13,0.286,1500000.0,1.0,34.8,Forward,3.0927835051546393,8.762886597938143,41.23711340206185,39.69072164948454,45.36082474226804,27.62886597938144,18.419243986254294
292,Nicolas Pallois,D S,1987-09-19,Nantes,2028,0.0,0.089,0.017,0.022,0.017,400000.0,1.0,38.8,Defender,24.695121951219512,73.47560975609755,22.25609756097561,31.402439024390244,22.25609756097561,34.8170731707317,87.04268292682926
294,Brice Samba,GK,1994-04-25,"Lens,Rennes",2880,0.0,0.0,0.0,0.0,0.0,12000000.0,1.0,32.2,Goalkeeper,52.0,48.0,50.0,30.0,50.0,46.0,3.8333333333333335
298,Hans Hateboer,D S,,Rennes,1666,0.0,0.0,0.02,0.087,0.02,,,,Defender,24.695121951219512,25.0,25.304878048780488,67.6829268292683,25.304878048780488,33.59756097560976,
299,Caio Henrique,D S,1997-07-31,Monaco,1942,0.0,0.278,0.01,0.249,0.01,15000000.0,1.0,29.0,Defender,24.695121951219512,98.17073170731707,12.5,93.90243902439023,12.5,48.353658536585364,3.2235772357723578
300,Kevin Danso,D,1998-09-19,Lens,1080,0.0,0.0,0.038,0.062,0.038,25000000.0,1.0,27.8,Defender,24.695121951219512,25.0,41.76829268292683,58.536585365853654,42.3780487804878,38.47560975609756,1.5390243902439025
302,Matvey Safonov,GK S,1999-02-25,Paris Saint Germain,879,0.0,0.0,0.0,0.0,0.0,20000000.0,1.0,27.4,Goalkeeper,52.0,48.0,50.0,30.0,50.0,46.0,2.3
304,Yunis Abdelhamid,D S,1987-09-28,Saint-Etienne,1033,0.0,0.0,0.049,0.014,0.049,400000.0,1.0,38.8,Defender,24.695121951219512,25.0,49.08536585365854,23.78048780487805,49.69512195121951,34.451219512195124,86.1280487804878
305,Malang Sarr,D S,1999-01-23,Lens,1378,0.0,0.0,0.015,0.024,0.015,5000000.0,1.0,27.5,Defender,24.695121951219512,25.0,19.20731707317073,33.53658536585366,19.20731707317073,24.329268292682926,4.865853658536585
306,Baptiste Santamaria,M S,1995-03-09,"Nice,Rennes",1411,0.0,0.064,0.054,0.098,0.054,7000000.0,1.0,31.4,Midfielder,17.532467532467532,42.857142857142854,37.66233766233766,50.649350649350644,37.66233766233766,37.27272727272727,5.324675324675325
310,Abdoulaye Bamba,D S,1990-04-25,Angers,1504,0.0,0.0,0.003,0.012,0.003,300000.0,1.0,36.2,Defender,24.695121951219512,25.0,5.182926829268292,20.73170731707317,5.182926829268292,16.158536585365855,53.861788617886184
311,Carlens Arcus,D S,1996-06-28,Angers,2077,0.0,0.043,0.002,0.073,0.002,1800000.0,1.0,30.1,Defender,24.695121951219512,58.231707317073166,3.9634146341463414,63.41463414634146,3.9634146341463414,30.853658536585368,17.140921409214094
313,Christopher Operi,D M,1997-04-29,Le Havre,1170,0.0,0.154,0.021,0.297,0.021,3800000.0,1.0,29.2,Defender,24.695121951219512,85.97560975609755,26.82926829268293,98.17073170731707,26.82926829268293,52.5,13.81578947368421
314,Fode Toure,D S,1997-01-03,Le Havre,607,0.0,0.0,0.0,0.013,0.0,1200000.0,0.855,29.5,Defender,24.695121951219512,25.0,1.8292682926829267,21.951219512195124,1.8292682926829267,15.060975609756095,12.55081300813008
315,Yoann Salmier,D S,1992-11-21,Le Havre,797,0.0,0.0,0.163,0.036,0.163,800000.0,1.0,33.7,Defender,24.695121951219512,25.0,90.85365853658537,46.95121951219512,91.46341463414635,55.79268292682927,69.74085365853658
316,Moussa Niakhate,D S,1996-03-08,Lyon,2721,0.0,0.0,0.002,0.031,0.002,15000000.0,1.0,30.4,Defender,24.695121951219512,25.0,3.9634146341463414,42.3780487804878,3.9634146341463414,20.0,1.3333333333333333
317,Kouakou Herve Koffi,GK,,Lens,450,0.0,0.0,0.0,0.0,0.0,,,,Goalkeeper,52.0,48.0,50.0,30.0,50.0,46.0,
321,Yehvann Diouf,GK,1999-11-16,Reims,3060,0.0,0.0,0.002,0.0,0.002,12000000.0,1.0,26.7,Goalkeeper,52.0,48.0,100.0,30.0,100.0,66.0,5.5
322,Maxime Bernauer,D S,1998-07-01,Saint-Etienne,759,0.0,0.0,0.005,0.005,0.005,2000000.0,1.0,28.0,Defender,24.695121951219512,25.0,7.01219512195122,10.670731707317072,7.01219512195122,14.878048780487806,7.439024390243903
324,Jordan Lefort,D,1993-08-09,Angers,3060,0.0,0.029,0.015,0.04,0.015,1500000.0,1.0,32.9,Defender,24.695121951219512,50.0,19.20731707317073,51.52439024390244,19.20731707317073,32.92682926829268,21.95121951219512
325,Ismael Bennacer,M S,1997-12-01,Marseille,655,0.0,0.275,0.011,0.236,0.011,15000000.0,1.0,28.6,Midfielder,17.532467532467532,92.20779220779221,6.493506493506493,90.9090909090909,6.493506493506493,42.72727272727273,2.8484848484848486
326,Jonathan Gradit,D S,1992-11-24,Lens,2129,0.0,0.0,0.024,0.031,0.024,4000000.0,1.0,33.6,Defender,24.695121951219512,25.0,29.268292682926827,42.3780487804878,29.878048780487802,30.24390243902439,7.560975609756097
328,Han-Noah Massengo,M S,2001-07-07,Auxerre,1048,0.0,0.0,0.031,0.054,0.031,5000000.0,1.0,25.0,Midfielder,17.532467532467532,15.584415584415584,20.12987012987013,25.324675324675322,20.12987012987013,19.740259740259738,3.9480519480519476
329,Maxence Caqueret,M S,2000-02-15,Lyon,566,0.0,0.0,0.127,0.124,0.127,16000000.0,1.0,26.4,Midfielder,17.532467532467532,15.584415584415584,57.14285714285714,62.33766233766234,66.23376623376623,43.76623376623377,2.7353896103896105
331,Leonardo Balerdi,D,1999-01-26,Marseille,2278,0.0,0.0,0.057,0.02,0.057,20000000.0,1.0,27.5,Defender,24.695121951219512,25.0,54.57317073170732,29.573170731707314,55.1829268292683,37.80487804878049,1.8902439024390243
332,Leo Petrot,D S,1997-04-15,Saint-Etienne,2649,0.0,0.102,0.023,0.064,0.023,900000.0,1.0,29.3,Defender,24.695121951219512,77.4390243902439,28.353658536585364,60.0609756097561,28.96341463414634,43.90243902439024,48.78048780487804
333,Gautier Larsonneur,GK,1997-02-23,Saint-Etienne,3060,0.0,0.0,0.0,0.001,0.0,3000000.0,1.0,29.4,Goalkeeper,52.0,48.0,50.0,60.0,50.0,52.0,17.333333333333332
334,Jean-Charles Castelletto,D M,1995-01-26,Nantes,2628,0.0,0.0,0.061,0.002,0.061,3500000.0,1.0,31.5,Defender,24.695121951219512,25.0,56.09756097560976,5.487804878048781,57.3170731707317,33.71951219512195,9.634146341463415
335,Haris Belkebla,M S,1994-01-28,Angers,1792,0.0,0.05,0.005,0.014,0.005,2000000.0,1.0,32.5,Midfielder,17.532467532467532,37.66233766233766,2.5974025974025974,2.5974025974025974,2.5974025974025974,12.5974025974026,6.2987012987013
336,Donovan Léon,GK,1992-11-03,Auxerre,2880,0.0,0.063,0.0,0.013,0.0,1000000.0,1.0,33.7,Goalkeeper,52.0,100.0,50.0,96.0,50.0,69.6,69.6
339,Marcin Bulka,GK,1999-10-04,Nice,3060,0.0,0.0,0.0,0.003,0.0,20000000.0,1.0,26.8,Goalkeeper,52.0,48.0,50.0,78.0,50.0,55.6,2.7800000000000002
341,Jean-Kevin Duverne,D S,,Nantes,549,0.0,0.0,0.038,0.015,0.038,,,,Defender,24.695121951219512,25.0,41.76829268292683,25.304878048780488,42.3780487804878,31.82926829268293,
346,Yvann Maçon,D S,1998-10-01,Saint-Etienne,813,0.0,0.0,0.032,0.027,0.032,1800000.0,1.0,27.8,Defender,24.695121951219512,25.0,35.670731707317074,37.80487804878049,36.28048780487805,31.89024390243903,17.716802168021683
348,Lucas Chevalier,GK,2001-11-06,Lille,3060,0.0,0.0,0.0,0.014,0.0,30000000.0,1.0,24.7,Goalkeeper,52.0,48.0,50.0,100.0,50.0,60.0,2.0
349,Radoslaw Majecki,GK,,Monaco,1350,0.0,0.0,0.0,0.0,0.0,,,,Goalkeeper,52.0,48.0,50.0,30.0,50.0,46.0,
354,Facundo Medina,D M,,Lens,2558,0.0,0.035,0.07,0.076,0.07,,,,Defender,24.695121951219512,53.35365853658537,63.71951219512195,64.9390243902439,64.9390243902439,54.329268292682926,
355,Kiki Kouyate,D S,1997-04-15,Montpellier,754,0.0,0.0,0.053,0.085,0.053,3000000.0,1.0,29.3,Defender,24.695121951219512,25.0,51.21951219512195,67.07317073170732,51.829268292682926,43.96341463414634,14.654471544715447
356,Aïmen Moueffek,M S,2001-04-09,Saint-Etienne,1028,0.0,0.088,0.091,0.134,0.091,2500000.0,1.0,25.3,Midfielder,17.532467532467532,51.94805194805194,51.94805194805194,67.53246753246754,51.94805194805194,48.18181818181817,19.27272727272727
358,Cédric Kipré,D S,,Reims,2195,0.0,0.041,0.014,0.039,0.014,,,,Defender,24.695121951219512,56.70731707317073,17.378048780487802,50.0,17.378048780487802,33.23170731707317,
361,John Finn,M S,,Reims,525,0.0,0.0,0.026,0.001,0.026,,,,Midfielder,17.532467532467532,15.584415584415584,15.584415584415584,1.2987012987012987,15.584415584415584,13.116883116883116,
364,Krépin Diatta,D M S,1999-02-25,Monaco,452,0.0,0.0,0.038,0.152,0.038,7000000.0,1.0,27.4,Defender,24.695121951219512,25.0,41.76829268292683,83.53658536585365,42.3780487804878,43.47560975609756,6.210801393728223
365,Oussama Targhaline,M S,2002-05-20,Le Havre,997,0.0,0.0,0.014,0.058,0.014,4000000.0,0.973,24.2,Midfielder,17.532467532467532,15.584415584415584,10.38961038961039,28.57142857142857,10.38961038961039,16.493506493506494,4.123376623376624
367,Antoine Mendy,D S,2004-05-27,Nice,805,0.0,0.0,0.1,0.009,0.1,2500000.0,1.0,22.1,Defender,24.695121951219512,25.0,76.21951219512195,17.682926829268293,78.04878048780488,44.329268292682926,17.73170731707317
368,Marco Bizot,GK,1991-03-10,Brest,2880,0.0,0.0,0.0,0.0,0.0,3000000.0,1.0,35.4,Goalkeeper,52.0,48.0,50.0,30.0,50.0,46.0,15.333333333333334
371,Christopher Wooh,D S,2001-09-18,Rennes,1457,0.0,0.0,0.065,0.006,0.065,6000000.0,1.0,24.8,Defender,24.695121951219512,25.0,59.756097560975604,12.5,60.97560975609756,36.58536585365853,6.097560975609755
373,Arthur Desmas,GK,1994-04-07,Le Havre,1620,0.0,0.0,0.0,0.002,0.0,1200000.0,1.0,32.3,Goalkeeper,52.0,48.0,50.0,68.0,50.0,53.6,44.66666666666667
374,Alidu Seidu,D S,2000-06-04,Rennes,809,0.0,0.0,0.011,0.034,0.011,9000000.0,1.0,26.1,Defender,24.695121951219512,25.0,13.414634146341465,45.1219512195122,13.414634146341465,24.32926829268293,2.7032520325203255
377,Bamo Meïté,D S,2001-12-03,"Marseille,Montpellier",458,0.0,0.0,0.009,0.0,0.009,4000000.0,1.0,24.6,Defender,24.695121951219512,25.0,10.670731707317072,1.524390243902439,10.670731707317072,14.512195121951219,3.6280487804878048
378,Gideon Mensah,D S,1998-07-18,Auxerre,2292,0.0,0.039,0.005,0.076,0.005,4000000.0,1.0,28.0,Defender,24.695121951219512,56.09756097560976,7.01219512195122,64.9390243902439,7.01219512195122,31.95121951219512,7.98780487804878
380,Andrew Omobamidele,D S,2002-06-23,Strasbourg,526,0.0,0.0,0.0,0.0,0.0,8000000.0,1.0,24.1,Defender,24.695121951219512,25.0,1.8292682926829267,1.524390243902439,1.8292682926829267,10.97560975609756,1.371951219512195
383,Jacques Ekomie,D M S,2003-08-19,Angers,673,0.0,0.0,0.003,0.0,0.003,800000.0,1.0,22.9,Defender,24.695121951219512,25.0,5.182926829268292,1.524390243902439,5.182926829268292,12.317073170731707,15.396341463414632
384,Louis Mouton,M S,2002-06-03,Saint-Etienne,1047,0.0,0.086,0.129,0.125,0.129,700000.0,1.0,24.1,Midfielder,17.532467532467532,50.649350649350644,58.44155844155844,64.28571428571429,67.53246753246754,51.688311688311686,73.8404452690167
385,Falaye Sacko,D S,1995-05-01,Montpellier,1240,0.0,0.073,0.0,0.017,0.0,1500000.0,1.0,31.2,Defender,24.695121951219512,67.6829268292683,1.8292682926829267,27.134146341463417,1.8292682926829267,24.634146341463413,16.422764227642276
387,Enzo Tchato Mbiayi,D M S,2002-11-23,Montpellier,1897,0.0,0.0,0.007,0.067,0.007,2500000.0,0.9,23.6,Defender,24.695121951219512,25.0,8.231707317073171,60.97560975609756,8.231707317073171,25.426829268292686,10.170731707317074
389,Mory Gbane,D M,2000-12-25,Reims,1130,0.0,0.08,0.014,0.027,0.014,4000000.0,1.0,25.6,Defender,24.695121951219512,68.90243902439023,17.378048780487802,37.80487804878049,17.378048780487802,33.23170731707317,8.307926829268293
390,Soungoutou Magassa,M S,2003-10-08,Monaco,1008,0.0,0.089,0.029,0.07,0.029,12000000.0,1.0,22.8,Midfielder,17.532467532467532,53.246753246753244,17.532467532467532,39.61038961038961,17.532467532467532,29.090909090909093,2.4242424242424243
391,Rasmus Nicolaisen,D,1997-03-16,Toulouse,626,0.0,0.144,0.101,0.051,0.101,4500000.0,1.0,29.3,Defender,24.695121951219512,83.53658536585365,76.82926829268293,55.79268292682927,78.65853658536585,63.90243902439024,14.200542005420054
392,Anthony Rouault,D,2001-05-29,Rennes,979,0.0,0.0,0.039,0.001,0.039,10000000.0,1.0,25.1,Defender,24.695121951219512,25.0,43.59756097560975,3.6585365853658534,44.207317073170735,28.23170731707317,2.823170731707317
394,Kjetil Haug,GK S,1998-06-12,Toulouse,498,0.0,0.0,0.0,0.0,0.0,600000.0,1.0,28.1,Goalkeeper,52.0,48.0,50.0,30.0,50.0,46.0,76.66666666666667
396,Ismaily,D S,1990-01-11,Lille,911,0.0,0.099,0.138,0.15,0.138,1200000.0,1.0,36.5,Defender,24.695121951219512,76.82926829268293,87.1951219512195,81.70731707317073,88.41463414634147,71.76829268292684,59.8069105691057
397,Paul Joly,D S,,Auxerre,991,0.0,0.091,0.057,0.169,0.057,,,,Defender,24.695121951219512,74.39024390243902,54.57317073170732,85.97560975609755,55.1829268292683,58.96341463414635,
398,Kévin Danois,M S,2004-06-28,Auxerre,1466,0.0,0.0,0.061,0.143,0.061,8000000.0,1.0,22.1,Midfielder,17.532467532467532,15.584415584415584,42.857142857142854,70.12987012987013,42.857142857142854,37.79220779220779,4.724025974025974
399,Khalil Fayad,F M S,2004-06-09,Montpellier,1019,0.0,0.0,0.092,0.024,0.092,3000000.0,1.0,22.1,Forward,3.0927835051546393,8.762886597938143,2.0618556701030926,4.123711340206185,2.5773195876288657,4.123711340206185,1.374570446735395
401,Yahia Fofana,GK,2000-08-21,Angers,2970,0.0,0.0,0.0,0.003,0.0,7000000.0,1.0,25.9,Goalkeeper,52.0,48.0,50.0,78.0,50.0,55.6,7.942857142857143
402,Emmanuel Agbadou,D,1997-06-17,Reims,1260,0.0,0.0,0.036,0.04,0.036,20000000.0,1.0,29.1,Defender,24.695121951219512,25.0,39.63414634146341,51.52439024390244,40.243902439024396,36.21951219512195,1.8109756097560976
407,Christian Mawissa Elebi,D S,2005-04-18,Monaco,1510,0.0,0.0,0.014,0.002,0.014,15000000.0,0.95,21.2,Defender,24.695121951219512,25.0,17.378048780487802,5.487804878048781,17.378048780487802,17.987804878048777,1.1991869918699185
408,Sael Kumbedi,D S,2005-03-26,Lyon,971,0.0,0.0,0.045,0.03,0.045,7000000.0,1.0,21.3,Defender,24.695121951219512,25.0,46.95121951219512,40.54878048780488,47.5609756097561,36.951219512195124,5.2787456445993035
410,Mamadou Sarr,D,2005-08-29,Strasbourg,2376,0.0,0.038,0.042,0.024,0.042,20000000.0,1.0,20.9,Defender,24.695121951219512,55.487804878048784,46.03658536585366,33.53658536585366,46.646341463414636,41.28048780487805,2.0640243902439024
412,Julien Le Cardinal,D S,1997-08-03,Brest,1375,0.0,0.065,0.038,0.014,0.038,2000000.0,1.0,29.0,Defender,24.695121951219512,64.32926829268293,41.76829268292683,23.78048780487805,42.3780487804878,39.390243902439025,19.695121951219512
414,Nathan Zeze,D S,2005-06-18,Nantes,1522,0.0,0.0,0.02,0.001,0.02,15000000.0,1.0,21.1,Defender,24.695121951219512,25.0,25.304878048780488,3.6585365853658534,25.304878048780488,20.79268292682927,1.386178861788618
415,Lilian Raolisoa,D M S,2000-06-16,Angers,1303,0.0,0.207,0.05,0.153,0.05,800000.0,1.0,26.1,Defender,24.695121951219512,93.90243902439023,50.0,84.14634146341463,50.609756097560975,60.670731707317074,75.83841463414633
416,Aurélio Buta,D S,1997-02-10,Reims,2013,0.0,0.045,0.013,0.07,0.013,5000000.0,1.0,29.4,Defender,24.695121951219512,59.45121951219512,15.24390243902439,61.890243902439025,15.24390243902439,35.30487804878049,7.060975609756097
418,Gabriel Suazo,D S,1997-08-09,Toulouse,2171,0.0,0.249,0.039,0.192,0.039,4000000.0,1.0,28.9,Defender,24.695121951219512,96.34146341463415,43.59756097560975,89.02439024390245,44.207317073170735,59.57317073170732,14.89329268292683
420,Jérémy Jacquet,D,2005-07-13,Rennes,933,0.0,0.096,0.046,0.06,0.046,10000000.0,1.0,21.0,Defender,24.695121951219512,76.21951219512195,47.5609756097561,57.3170731707317,48.170731707317074,50.792682926829265,5.079268292682927
424,Abduqodir Khusanov,D S,2004-02-29,Lens,978,0.0,0.0,0.02,0.028,0.02,35000000.0,0.944,22.4,Defender,24.695121951219512,25.0,25.304878048780488,39.02439024390244,25.304878048780488,27.865853658536587,0.7961672473867596
426,Guillaume Restes,GK,2005-03-11,Toulouse,2545,0.0,0.035,0.0,0.002,0.0,20000000.0,1.0,21.3,Goalkeeper,52.0,96.0,50.0,68.0,50.0,63.2,3.16
427,Philipp Köhn,GK,1998-04-02,Monaco,1710,0.0,0.0,0.0,0.0,0.0,5000000.0,1.0,28.3,Goalkeeper,52.0,48.0,50.0,30.0,50.0,46.0,9.2
428,Becir Omeragic,D M S,2002-01-20,Montpellier,1813,0.0,0.0,0.028,0.011,0.028,4500000.0,1.0,24.5,Defender,24.695121951219512,25.0,33.53658536585366,20.121951219512198,34.146341463414636,27.5,6.111111111111111
429,Loïc Négo,D M S,1991-01-15,Le Havre,2473,0.0,0.0,0.018,0.025,0.018,700000.0,1.0,35.5,Defender,24.695121951219512,25.0,23.170731707317074,35.36585365853659,23.170731707317074,26.280487804878057,37.543554006968655
431,Antoine Joujou,F M S,2003-03-12,Le Havre,923,0.0,0.195,0.08,0.34,0.08,2000000.0,1.0,23.3,Forward,3.0927835051546393,69.58762886597938,1.0309278350515463,89.69072164948454,1.0309278350515463,32.886597938144334,16.443298969072167
432,Étienne Youté,D M S,2002-01-14,Le Havre,2315,0.0,0.0,0.079,0.005,0.079,7000000.0,0.9,24.5,Defender,24.695121951219512,25.0,70.1219512195122,10.670731707317072,71.64634146341463,40.42682926829268,5.775261324041812
433,Clinton Mata,D S,1992-11-07,Lyon,2366,0.0,0.152,0.009,0.064,0.009,3500000.0,1.0,33.7,Defender,24.695121951219512,85.0609756097561,10.670731707317072,60.0609756097561,10.670731707317072,38.23170731707317,10.923344947735192
434,Emmanuel Sabbi,F M S,1997-12-24,Le Havre,649,0.0,0.0,0.352,0.043,0.352,1500000.0,1.0,28.6,Forward,3.0927835051546393,8.762886597938143,56.70103092783505,6.185567010309279,57.73195876288659,26.49484536082474,17.663230240549826
436,William Pacho,D S,2001-10-16,Paris Saint Germain,2127,0.0,0.042,0.019,0.019,0.019,65000000.0,0.923,24.8,Defender,24.695121951219512,57.3170731707317,23.78048780487805,28.65853658536585,23.78048780487805,31.646341463414632,0.4868667917448405
437,Djordje Petrovic,GK,1999-10-08,Strasbourg,2790,0.0,0.0,0.0,0.0,0.0,20000000.0,1.0,26.8,Goalkeeper,52.0,48.0,50.0,30.0,50.0,46.0,2.3
440,Mahamadou Diawara,M S,2005-02-17,"Le Havre,Lyon",576,0.0,0.156,0.042,0.045,0.042,2000000.0,1.0,21.4,Midfielder,17.532467532467532,81.16883116883116,28.57142857142857,19.480519480519483,28.57142857142857,35.06493506493506,17.53246753246753
441,Ayyoub Bouaddi,M S,2007-10-02,Lille,1112,0.0,0.081,0.012,0.077,0.012,28000000.0,1.0,18.8,Midfielder,17.532467532467532,49.35064935064935,8.441558441558442,42.2077922077922,8.441558441558442,25.194805194805195,0.8998144712430427
442,Amadou Koné,M S,2005-05-14,Reims,1317,0.0,0.0,0.044,0.028,0.044,4000000.0,1.0,21.2,Midfielder,17.532467532467532,15.584415584415584,29.87012987012987,10.38961038961039,29.87012987012987,20.649350649350648,5.162337662337662
446,Luc Zogbe,D S,2005-03-24,Brest,616,0.0,0.0,0.041,0.014,0.041,2500000.0,0.947,21.3,Defender,24.695121951219512,25.0,45.1219512195122,23.78048780487805,45.73170731707317,32.86585365853658,13.146341463414632
449,Nhoa Sangui,D M S,2006-02-27,Reims,1080,0.0,0.167,0.009,0.046,0.009,2500000.0,1.0,20.4,Defender,24.695121951219512,89.02439024390245,10.670731707317072,54.268292682926834,10.670731707317072,37.86585365853658,15.146341463414632
451,Lucas Perri,GK,1997-12-10,Lyon,2970,0.0,0.0,0.0,0.0,0.0,10000000.0,1.0,28.6,Goalkeeper,52.0,48.0,50.0,30.0,50.0,46.0,4.6
458,Valentín Barco,D M,2004-07-23,Strasbourg,1181,0.0,0.152,0.032,0.075,0.032,12000000.0,1.0,22.0,Defender,24.695121951219512,85.0609756097561,35.670731707317074,64.02439024390245,36.28048780487805,49.146341463414636,4.095528455284553
459,Mikayil Faye,D S,,Rennes,701,0.0,0.0,0.027,0.003,0.027,,,,Defender,24.695121951219512,25.0,32.6219512195122,6.707317073170732,33.23170731707317,24.45121951219512,
467,Yanis Zouaoui,D M S,1998-04-28,Le Havre,964,0.0,0.187,0.012,0.263,0.012,800000.0,1.0,28.2,Defender,24.695121951219512,90.85365853658537,14.02439024390244,94.8170731707317,14.02439024390244,47.6829268292683,59.60365853658537
468,Derek Cornelius,D S,1997-11-25,Marseille,1439,0.0,0.0,0.078,0.008,0.078,5000000.0,1.0,28.6,Defender,24.695121951219512,25.0,69.20731707317073,16.158536585365855,70.42682926829268,41.09756097560976,8.219512195121952
471,Ngal'ayel Mukau,M S,2004-11-03,Lille,1224,0.0,0.074,0.046,0.044,0.046,15000000.0,1.0,21.7,Midfielder,17.532467532467532,44.15584415584416,33.116883116883116,18.181818181818183,33.116883116883116,29.220779220779217,1.9480519480519478
474,Mathis Amougou,M S,2006-01-18,Saint-Etienne,840,0.0,0.0,0.045,0.039,0.045,10000000.0,1.0,20.5,Midfielder,17.532467532467532,15.584415584415584,31.16883116883117,15.584415584415584,31.16883116883117,22.207792207792203,2.22077922077922
475,Ben Old,F M S,2002-08-13,Saint-Etienne,503,0.0,0.0,0.191,0.122,0.191,700000.0,1.0,23.9,Forward,3.0927835051546393,8.762886597938143,11.855670103092782,32.47422680412371,15.979381443298967,14.432989690721646,20.618556701030926
479,Clément Akpa,D S,2001-11-24,Auxerre,2507,0.0,0.036,0.008,0.025,0.008,5000000.0,1.0,24.6,Defender,24.695121951219512,54.57317073170732,9.146341463414634,35.36585365853659,9.146341463414634,26.585365853658537,5.317073170731708
491,Glen Kamara,M S,1995-10-28,Rennes,669,0.0,0.135,0.009,0.046,0.009,5000000.0,1.0,30.7,Midfielder,17.532467532467532,72.72727272727273,5.194805194805195,20.77922077922078,5.194805194805195,24.28571428571429,4.857142857142858
492,Jordan James,M S,,Rennes,1195,0.0,0.075,0.058,0.12,0.058,,,,Midfielder,17.532467532467532,46.103896103896105,39.61038961038961,60.3896103896104,39.61038961038961,40.64935064935065,
494,Moïse Bombito,D S,2000-03-30,Nice,2197,0.0,0.0,0.027,0.004,0.027,10000000.0,1.0,26.3,Defender,24.695121951219512,25.0,32.6219512195122,8.231707317073171,33.23170731707317,24.75609756097561,2.475609756097561
497,Pierre Cornud,D S,1996-12-12,Saint-Etienne,568,0.0,0.0,0.0,0.063,0.0,800000.0,1.0,29.6,Defender,24.695121951219512,25.0,1.8292682926829267,59.14634146341463,1.8292682926829267,22.499999999999996,28.124999999999993
498,Ümit Akdag,D S,2003-10-06,Toulouse,514,0.0,0.0,0.013,0.01,0.013,600000.0,1.0,22.8,Defender,24.695121951219512,25.0,15.24390243902439,18.902439024390244,15.24390243902439,19.81707317073171,33.028455284552855
499,Mohamed Abdelmonem,D S,1999-02-01,Nice,857,0.0,0.0,0.0,0.0,0.0,4000000.0,1.0,27.5,Defender,24.695121951219512,25.0,1.8292682926829267,1.524390243902439,1.8292682926829267,10.97560975609756,2.74390243902439
503,Jaydee Canvot,D M S,2006-07-29,Toulouse,1102,0.0,0.0,0.02,0.036,0.02,4000000.0,1.0,20.0,Defender,24.695121951219512,25.0,25.304878048780488,46.95121951219512,25.304878048780488,29.45121951219512,7.36280487804878
504,Juma Bah,D S,2006-04-11,Lens,684,0.0,0.0,0.014,0.016,0.014,6000000.0,1.0,20.3,Defender,24.695121951219512,25.0,17.378048780487802,26.21951219512195,17.378048780487802,22.134146341463413,3.6890243902439024
512,Yael Mouanga,D S,2005-07-23,Montpellier,941,0.0,0.0,0.035,0.027,0.035,600000.0,1.0,21.0,Defender,24.695121951219512,25.0,38.41463414634146,37.80487804878049,39.02439024390244,32.98780487804878,54.979674796747965
524,Hiroki Sekine,D S,2002-08-11,Reims,866,0.0,0.0,0.016,0.025,0.016,1200000.0,1.0,23.9,Defender,24.695121951219512,25.0,20.73170731707317,35.36585365853659,20.73170731707317,25.304878048780488,21.087398373983742
1,Mason Greenwood,F M S,2001-10-01,Marseille,2851,0.694,0.158,0.609,0.216,0.393,40000000.0,1.0,24.8,Forward,95.87628865979381,59.79381443298969,82.4742268041237,69.0721649484536,63.91752577319587,74.22680412371133,1.8556701030927834
2,Ousmane Dembélé,F M S,1997-05-15,Paris Saint Germain,1747,1.082,0.361,0.955,0.453,0.916,90000000.0,1.0,29.2,Forward,100.0,93.81443298969072,98.96907216494846,95.87628865979381,97.9381443298969,97.31958762886597,1.0813287514318441
